Date,SPX_return,SPX_volatility_5,SPX_volatility_20
2020-01-02,,,
2020-01-03,-0.007084909,,
2020-01-06,0.003527145,,
2020-01-07,-0.002807175,,
2020-01-08,0.004890473,,
2020-01-09,0.006633214,0.005768679,
2020-01-10,-0.002859262,0.004438447,
2020-01-13,0.006951994,0.004987152,
2020-01-14,-0.001515681,0.004662429,
2020-01-15,0.00186845,0.004520673,
2020-01-16,0.008331747,0.004976455,
2020-01-17,0.003854723,0.003950123,
2020-01-21,-0.0026555,0.004403956,
2020-01-22,0.000289034,0.00411033,
2020-01-23,0.001140326,0.004143872,
2020-01-24,-0.009083289,0.004936293,
2020-01-27,-0.015855752,0.007166297,
2020-01-28,0.010003384,0.009985972,
2020-01-29,-0.00086725,0.009912529,
2020-01-30,0.003129457,0.01015383,
2020-01-31,-0.017864444,0.012135655,0.007441452
2020-02-03,0.007228426,0.01097122,0.007462943
2020-02-04,0.014869316,0.012192132,0.008128947
2020-02-05,0.011187779,0.012831801,0.008401321
2020-02-06,0.003320155,0.012829927,0.008375106
2020-02-07,-0.005415491,0.007815026,0.008412522
2020-02-10,0.00729969,0.007817349,0.008486139
2020-02-11,0.001687049,0.006250552,0.00838297
2020-02-12,0.006441853,0.00506026,0.008443531
2020-02-13,-0.001631776,0.005375174,0.008470534
2020-02-14,0.001841836,0.00370036,0.00830855
2020-02-18,-0.002924214,0.003643,0.008321904
2020-02-19,0.004694748,0.003998646,0.008332536
2020-02-20,-0.003822817,0.003556048,0.008400787
2020-02-21,-0.010573809,0.005855412,0.008773616
2020-02-24,-0.034088079,0.014854002,0.011516449
2020-02-25,-0.030747904,0.016916798,0.012918985
2020-02-26,-0.003785697,0.014745964,0.012619741
2020-02-27,-0.045168136,0.017178955,0.015804032
2020-02-28,-0.008272463,0.017681321,0.015711504
2020-03-02,0.045010869,0.034369929,0.019007054
2020-03-03,-0.028510485,0.034022168,0.019745341
2020-03-04,0.041336349,0.04078066,0.021846668
2020-03-05,-0.034510782,0.037952688,0.022701133
2020-03-06,-0.017200944,0.038816502,0.022774114
2020-03-09,-0.079010413,0.043217899,0.028028302
2020-03-10,0.048215052,0.053441302,0.030692997
2020-03-11,-0.050102893,0.047558968,0.032028239
2020-03-12,-0.099944852,0.058133883,0.037496876
2020-03-13,0.088808407,0.082552205,0.044120633
2020-03-16,-0.127652197,0.093605564,0.051096641
2020-03-17,0.058226313,0.095729976,0.053768911
2020-03-18,-0.053222272,0.095935186,0.054246453
2020-03-19,0.004696761,0.08697288,0.054390707
2020-03-20,-0.044327624,0.069350737,0.054709275
2020-03-23,-0.029731501,0.045457329,0.05465264
2020-03-24,0.089683233,0.058159591,0.059617325
2020-03-25,0.01146899,0.05206597,0.059828835
2020-03-26,0.060543831,0.057343329,0.061349098
2020-03-27,-0.034267846,0.054748273,0.061669303
2020-03-30,0.032966591,0.047317963,0.061186197
2020-03-31,-0.016142311,0.037825877,0.061031644
2020-04-01,-0.045146363,0.045344701,0.060449723
2020-04-02,0.022572657,0.03445685,0.060669814
2020-04-03,-0.015252861,0.031778608,0.060657481
2020-04-06,0.067968244,0.043650397,0.060617348
2020-04-07,-0.001604339,0.042543357,0.059478403
2020-04-08,0.033489371,0.032360297,0.05900507
2020-04-09,0.01438347,0.032495254,0.05413381
2020-04-13,-0.010156059,0.031173971,0.050558916
2020-04-14,0.03011456,0.019129984,0.040809799
2020-04-15,-0.022276733,0.024595034,0.039632679
2020-04-16,0.005799838,0.02051204,0.037209145
2020-04-17,0.026440932,0.022693471,0.037432572
2020-04-20,-0.018042846,0.024312188,0.035898115
2020-04-21,-0.031155115,0.023544315,0.035982648
2020-04-22,0.022671301,0.025181363,0.030946625
2020-04-23,-0.000539568,0.025047501,0.0309661
2020-04-24,0.013822091,0.022172242,0.028290927
2020-04-27,0.014606868,0.021295632,0.026908305
2020-04-28,-0.00525617,0.011573863,0.026258644
2020-04-29,0.026236704,0.012679116,0.026230843
2020-04-30,-0.009255143,0.014862588,0.02361345
2020-05-01,-0.028460211,0.021354673,0.024713496
2020-05-04,0.004240823,0.019989984,0.024224167
2020-05-05,0.008999935,0.020508342,0.019495333
2020-05-06,-0.00700388,0.014538743,0.01960975
2020-05-07,0.011438956,0.016321845,0.018414386
2020-05-08,0.016730795,0.008972789,0.01850252
2020-05-11,0.000133069,0.00945034,0.018275275
2020-05-12,-0.020713366,0.01490651,0.017829377
2020-05-13,-0.017616997,0.016808322,0.017545347
2020-05-14,0.011458918,0.016812315,0.017677835
2020-05-15,0.003918675,0.013981549,0.016655459
2020-05-18,0.031015209,0.021418494,0.017479786
2020-05-19,-0.010539748,0.019128121,0.015945927
2020-05-20,0.016513991,0.015361825,0.015607988
2020-05-21,-0.007803968,0.017340864,0.015777966
2020-05-22,0.002350946,0.017415948,0.015556387
2020-05-26,0.012214285,0.011905641,0.015463664
2020-05-27,0.014718447,0.0102012,0.015619356
2020-05-28,-0.002110139,0.009508772,0.014649018
2020-05-29,0.004800794,0.00697096,0.014440988
2020-06-01,0.003744216,0.006794511,0.01250654
2020-06-02,0.008177307,0.006183919,0.012544355
2020-06-03,0.013556671,0.005776555,0.012680182
2020-06-04,-0.003374389,0.006211551,0.012535806
2020-06-05,0.025874013,0.011013034,0.013349678
2020-06-08,0.011969656,0.010523951,0.013173631
2020-06-09,-0.007829743,0.013657094,0.013443308
2020-06-10,-0.005327256,0.014343688,0.012316555
2020-06-11,-0.060752693,0.032913371,0.018674132
2020-06-12,0.012976287,0.030053041,0.018712799
2020-06-15,0.008277861,0.02942346,0.018746909
2020-06-16,0.018784853,0.032301009,0.017983403
2020-06-17,-0.003606796,0.032308587,0.017778157
2020-06-18,0.000594043,0.009068503,0.017502939
2020-06-19,-0.005665514,0.009990696,0.017444002
2020-06-22,0.006474093,0.00981403,0.017466887
2020-06-23,0.004298169,0.00512277,0.017328485
2020-06-24,-0.026195266,0.013181676,0.018176906
2020-06-25,0.010899828,0.01480475,0.018320851
2020-06-26,-0.024525204,0.018014649,0.019145829
2020-06-29,0.014578888,0.019683593,0.019425932
2020-06-30,0.015292349,0.021407275,0.019648231
2020-07-01,0.005009564,0.016593891,0.019436876
2020-07-02,0.00453097,0.016195594,0.019447427
2020-07-06,0.015756931,0.005735614,0.018869732
2020-07-07,-0.010877478,0.010834173,0.018784132
2020-07-08,0.007796986,0.009673418,0.018826042
2020-07-09,-0.005659591,0.010645229,0.018830595
2020-07-10,0.01041181,0.011259202,0.012538388
2020-07-13,-0.009406645,0.009950734,0.012595874
2020-07-14,0.013317301,0.010159722,0.012780521
2020-07-15,0.009041057,0.01031173,0.012286822
2020-07-16,-0.003411915,0.009848982,0.012282549
2020-07-17,0.002844563,0.0091738,0.012283031
2020-07-20,0.008371797,0.006460495,0.012239446
2020-07-21,0.001677629,0.005141828,0.012202918
2020-07-22,0.005730631,0.00444941,0.01222015
2020-07-23,-0.012396378,0.008058305,0.010840756
2020-07-24,-0.00620964,0.008607761,0.010855393
2020-07-27,0.007367929,0.008355197,0.008906962
2020-07-28,-0.006494435,0.008554603,0.008796608
2020-07-29,0.012351783,0.010433959,0.008596202
2020-07-30,-0.003757302,0.008654251,0.00868391
2020-07-31,0.007641236,0.008108505,0.008758223
2020-08-03,0.007155363,0.008083161,0.008254413
2020-08-04,0.003605423,0.00598975,0.007702893
2020-08-05,0.00640916,0.004720388,0.007658778
2020-08-06,0.006407126,0.001565154,0.007460735
2020-08-07,0.000632829,0.002715856,0.007269685
2020-08-10,0.002738465,0.002483684,0.006704145
2020-08-11,-0.008001055,0.005929615,0.006697456
2020-08-12,0.013899502,0.008015784,0.007042263
2020-08-13,-0.002049273,0.008044955,0.006990206
2020-08-14,-0.000171897,0.008073242,0.00701253
2020-08-17,0.002706178,0.0080718,0.006864904
2020-08-18,0.00230074,0.006212136,0.006864958
2020-08-19,-0.004414123,0.002991656,0.006948561
2020-08-20,0.003153655,0.003143282,0.006135897
2020-08-21,0.0034352,0.003298947,0.005804995
2020-08-24,0.009993615,0.005111885,0.005943078
2020-08-25,0.0035899,0.005107002,0.005518776
2020-08-26,0.010144001,0.003660265,0.005349382
2020-08-27,0.001671646,0.003999106,0.005106187
2020-08-28,0.006710003,0.003784155,0.005070968
2020-08-31,-0.002197375,0.004719333,0.005146415
2020-09-01,0.007496831,0.004955378,0.00524206
2020-09-02,0.01524905,0.006595306,0.005861004
2020-09-03,-0.035757594,0.020017163,0.010539109
2020-09-04,-0.008166281,0.019554901,0.010761021
2020-09-08,-0.028148829,0.022021349,0.012578852
2020-09-09,0.019944761,0.024979825,0.013228681
2020-09-10,-0.017741246,0.021644022,0.013490369
2020-09-11,0.00053293,0.018346448,0.013488252
2020-09-14,0.012661335,0.020205058,0.013805375
2020-09-15,0.005205786,0.014277058,0.013840925
2020-09-16,-0.004629647,0.011409706,0.013874469
2020-09-17,-0.00844795,0.00828899,0.013970035
2020-09-18,-0.011245577,0.009979203,0.014154401
2020-09-21,-0.011638564,0.006939653,0.014307147
2020-09-22,0.010463016,0.00914,0.014327776
2020-09-23,-0.024007339,0.012413053,0.015098159
2020-09-24,0.002983006,0.013536292,0.014850554
2020-09-25,0.015850439,0.016381048,0.015435011
2020-09-28,0.015982192,0.016665072,0.015867126
2020-09-29,-0.004824283,0.016643539,0.015877271
2020-09-30,0.008219843,0.008865461,0.015901823
2020-10-01,0.00527895,0.008619861,0.015470655
2020-10-02,-0.009623813,0.010265933,0.01352887
2020-10-05,0.017813109,0.010859948,0.014097213
2020-10-06,-0.014072064,0.013150855,0.012935503
2020-10-07,0.017247164,0.014814515,0.012733861
2020-10-08,0.007978213,0.014951897,0.012098822
2020-10-09,0.008755095,0.012927834,0.012200409
2020-10-12,0.01628253,0.012638782,0.012392355
2020-10-13,-0.006326892,0.009445134,0.012511818
2020-10-14,-0.006645172,0.010115108,0.01257262
2020-10-15,-0.001528924,0.010075885,0.01237814
2020-10-16,0.00013491,0.009366562,0.012000411
2020-10-19,-0.016464664,0.006471513,0.012341569
2020-10-20,0.004716195,0.008085968,0.012204583
2020-10-21,-0.002198114,0.007960031,0.010643643
2020-10-22,0.005205354,0.008809931,0.010655293
2020-10-23,0.003439838,0.009103112,0.01022571
2020-10-26,-0.018764473,0.01008157,0.01074731
2020-10-27,-0.003030205,0.009459621,0.010705908
2020-10-28,-0.035925542,0.017386695,0.013329476
2020-10-29,0.011876525,0.019007887,0.013582353
2020-10-30,-0.012203713,0.017804594,0.013679902
2020-11-02,0.012242951,0.019959126,0.013324846
2020-11-03,0.017642738,0.022548144,0.0136291
2020-11-04,0.021807526,0.013219427,0.013964708
2020-11-05,0.019273266,0.013842878,0.014507306
2020-11-06,-0.000287757,0.008791607,0.014390526
2020-11-09,0.011631975,0.00882866,0.014157123
2020-11-10,-0.001400775,0.010766618,0.014079686
2020-11-11,0.007622728,0.00859482,0.014061326
2020-11-12,-0.010028652,0.008436006,0.01427464
2020-11-13,0.013518547,0.009843579,0.014554534
2020-11-16,0.011580735,0.009834019,0.014082724
2020-11-17,-0.004803444,0.010423623,0.014176395
2020-11-18,-0.011631211,0.011994003,0.01448949
2020-11-19,0.003938676,0.01071176,0.014476991
2020-11-20,-0.006815737,0.00925318,0.014597905
2020-11-23,0.005620108,0.007321529,0.013830995
2020-11-24,0.016032459,0.010904926,0.014082106
2020-11-25,-0.001585675,0.008573347,0.010714962
2020-11-27,0.002394111,0.00857862,0.010613369
2020-11-30,-0.004606141,0.007973845,0.010098968
2020-12-01,0.011208141,0.008692108,0.010063073
2020-12-02,0.001789565,0.005944738,0.009634662
2020-12-03,-0.000624352,0.005820493,0.008749798
2020-12-04,0.008797464,0.006575503,0.008016056
2020-12-07,-0.001937513,0.005839095,0.008055915
2020-12-08,0.002783271,0.004157037,0.007767849
2020-12-09,-0.007980965,0.006179929,0.008057551
2020-12-10,-0.001285935,0.006209207,0.007962281
2020-12-11,-0.001265798,0.003862799,0.007534648
2020-12-14,-0.004368788,0.004012928,0.007114909
2020-12-15,0.012838482,0.007905906,0.007219427
2020-12-16,0.001771226,0.006679845,0.007093453
2020-12-17,0.005741143,0.006676441,0.006468772
2020-12-18,-0.003517297,0.007094156,0.00657259
2020-12-21,-0.003913928,0.006986262,0.006403414
2020-12-22,-0.002075245,0.004101814,0.006398964
2020-12-23,0.000745533,0.003990287,0.005409432
2020-12-24,0.00353035,0.00314421,0.005414362
2020-12-28,0.008684708,0.004958545,0.005675937
2020-12-29,-0.002229865,0.004548044,0.005569321
2020-12-30,0.001340648,0.004064153,0.005072869
2020-12-31,0.006418205,0.004268497,0.005217144
2021-01-04,-0.014864763,0.00927717,0.006328635
2021-01-05,0.007057631,0.008912019,0.006219015
2021-01-06,0.005693603,0.009216903,0.006303286
2021-01-07,0.01473826,0.01105748,0.007030632
2021-01-08,0.005476837,0.01100985,0.006727779
2021-01-11,-0.006576328,0.007638733,0.006964671
2021-01-12,0.000415702,0.007827081,0.006936298
2021-01-13,0.002273056,0.007785918,0.006780369
2021-01-14,-0.003760513,0.004790147,0.006412646
2021-01-15,-0.007216001,0.004201536,0.006690264
2021-01-19,0.008103458,0.005856854,0.006800217
2021-01-20,0.013839417,0.008566183,0.007281684
2021-01-21,0.000316673,0.008632012,0.007164903
2021-01-22,-0.003015153,0.00850766,0.007196712
2021-01-25,0.003609318,0.00661354,0.007197911
2021-01-26,-0.001489943,0.00672311,0.007236208
2021-01-27,-0.026013315,0.011828987,0.009377022
2021-01-28,0.009713299,0.013566871,0.009591579
2021-01-29,-0.019500378,0.015327022,0.010608314
2021-02-01,0.0159243,0.018137029,0.011122776
2021-02-02,0.013802529,0.01992499,0.010919608
2021-02-03,0.001008261,0.014421848,0.010846042
2021-02-04,0.010794848,0.014533091,0.011011855
2021-02-05,0.00388992,0.006406584,0.010590924
2021-02-08,0.007372107,0.005140273,0.0106407
2021-02-09,-0.001114145,0.004793143,0.010500465
2021-02-10,-0.000345245,0.005062544,0.010505778
2021-02-11,0.001661075,0.003439324,0.010504022
2021-02-12,0.004699971,0.003550645,0.0104564
2021-02-16,-0.000569435,0.002386422,0.010258449
2021-02-17,-0.000320453,0.002243883,0.01017305
2021-02-18,-0.004425614,0.003340781,0.009841605
2021-02-19,-0.001856619,0.003328944,0.009859204
2021-02-22,-0.007762893,0.003126964,0.01000916
2021-02-23,0.00125553,0.003556683,0.009983911
2021-02-24,0.011287668,0.007277229,0.010265753
2021-02-25,-0.024783394,0.013335522,0.010097884
2021-02-26,-0.004761532,0.013261616,0.009961066
2021-03-01,0.023512173,0.018098493,0.010100487
2021-03-02,-0.008113679,0.018583056,0.009841285
2021-03-03,-0.013152336,0.017884926,0.009879066
2021-03-04,-0.013508038,0.015373901,0.010317932
2021-03-05,0.019308356,0.018261767,0.01097658
2021-03-08,-0.005373643,0.013565728,0.010982084
2021-03-09,0.014055401,0.0154462,0.011341227
2021-03-10,0.006012204,0.013544866,0.011433
2021-03-11,0.010341826,0.009341605,0.011671104
2021-03-12,0.001014883,0.007662127,0.011668251
2021-03-15,0.00647094,0.004907832,0.011709702
2021-03-16,-0.001570917,0.004724661,0.011716347
2021-03-17,0.002875245,0.00467399,0.011728056
2021-03-18,-0.01487056,0.008175835,0.012184542
2021-03-19,-0.000602886,0.008097106,0.012177608
2021-03-22,0.007000557,0.008230461,0.012124405
2021-03-23,-0.007660118,0.008693325,0.012270567
2021-03-24,-0.005482337,0.008151589,0.012056664
2021-03-25,0.005226583,0.006421855,0.010656955
2021-03-26,0.016494419,0.009856249,0.011099073
2021-03-29,-0.00086839,0.009708002,0.009897249
2021-03-30,-0.003162829,0.008808977,0.009720811
2021-03-31,0.003615954,0.007622809,0.009129512
2021-04-01,0.01175583,0.008353754,0.008608754
2021-04-05,0.014334988,0.007675893,0.008181053
2021-04-06,-0.000974005,0.007696661,0.008001785
2021-04-07,0.001474146,0.00665952,0.007587301
2021-04-08,0.004211751,0.006610421,0.007554939
2021-04-09,0.007690288,0.005969041,0.007432003
2021-04-12,-0.000196098,0.003544077,0.007448357
2021-04-13,0.003289072,0.002985896,0.007388049
2021-04-14,-0.004096104,0.004493235,0.007475666
2021-04-15,0.011033101,0.006035372,0.007743534
2021-04-16,0.003602323,0.00559403,0.006589469
2021-04-19,-0.00532069,0.006635806,0.006818302
2021-04-20,-0.006825561,0.007514415,0.007097057
2021-04-21,0.009263021,0.008182066,0.006837708
2021-04-22,-0.009253338,0.007822019,0.007136726
2021-04-23,0.01086941,0.009541341,0.007335464
2021-04-26,0.001780685,0.009117612,0.006653617
2021-04-27,-0.000214919,0.008090334,0.006637215
2021-04-28,-0.000845898,0.00718696,0.006550179
2021-04-29,0.006740042,0.005007794,0.006608663
2021-04-30,-0.007220713,0.005037062,0.006634897
2021-05-03,0.002744322,0.005137376,0.005970705
2021-05-04,-0.006700737,0.006023529,0.00622195
2021-05-05,0.000703216,0.006076681,0.006221906
2021-05-06,0.008132299,0.006521159,0.006385941
2021-05-07,0.007346291,0.005981972,0.006368145
2021-05-10,-0.010490481,0.008296733,0.006885476
2021-05-11,-0.00871175,0.008728072,0.007167562
2021-05-12,-0.021682782,0.01271901,0.008640367
2021-05-13,0.012099645,0.013825072,0.008719861
2021-05-14,0.014807779,0.015673903,0.00934815
2021-05-17,-0.002533258,0.015090376,0.009287412
2021-05-18,-0.008553772,0.01507088,0.009362004
2021-05-19,-0.002947752,0.010256759,0.009115124
2021-05-20,0.010499429,0.009904146,0.00920883
2021-05-21,-0.000784188,0.006989187,0.008866592
2021-05-24,0.009862497,0.008320653,0.009145775
2021-05-25,-0.002127545,0.00669465,0.009159367
2021-05-26,0.001875058,0.00594708,0.009166084
2021-05-27,0.001164636,0.004672275,0.009039106
2021-05-28,0.000768586,0.004489126,0.008884272
2021-06-01,-0.000492455,0.001577142,0.008866358
2021-06-02,0.001445889,0.000902949,0.008722885
2021-06-03,-0.003635303,0.002084679,0.008771873
2021-06-04,0.008795303,0.004583235,0.008804215
2021-06-07,-0.000797056,0.004687441,0.008649862
2021-06-08,0.00017501,0.004641337,0.008295237
2021-06-09,-0.001825533,0.004824413,0.008033223
2021-06-10,0.004641455,0.004436963,0.006071734
2021-06-11,0.001946539,0.002544701,0.005599693
2021-06-14,0.001813556,0.002391079,0.004663989
2021-06-15,-0.00201372,0.002821605,0.00464489
2021-06-16,-0.005404704,0.003927266,0.004348227
2021-06-17,-0.000435811,0.003048829,0.00425906
2021-06-18,-0.013211356,0.005855693,0.004819038
2021-06-21,0.013905164,0.009888061,0.005715181
2021-06-22,0.005111406,0.010288592,0.005410259
2021-06-23,-0.001083871,0.009895852,0.005387706
2021-06-24,0.00579443,0.01008283,0.005505104
2021-06-25,0.003325063,0.00545257,0.005533076
2021-06-28,0.002312289,0.002714834,0.005541304
2021-06-29,0.000277298,0.002676322,0.005532925
2021-06-30,0.001327278,0.002111124,0.00553255
2021-07-01,0.005208041,0.001895035,0.005491547
2021-07-02,0.007472096,0.002960112,0.005406249
2021-07-06,-0.002023903,0.003834878,0.005439668
2021-07-07,0.003353347,0.003640565,0.005449475
2021-07-08,-0.008597881,0.006449095,0.005863288
2021-07-09,0.011214826,0.007822929,0.006239364
2021-07-12,0.003445233,0.007348119,0.006253809
2021-07-13,-0.003523011,0.007554431,0.006356743
2021-07-14,0.001164257,0.007459717,0.006308492
2021-07-15,-0.003267574,0.006036647,0.006202928
2021-07-16,-0.007567415,0.004317779,0.006522181
2021-07-19,-0.015996781,0.00646509,0.006867426
2021-07-20,0.015048806,0.011501201,0.006983507
2021-07-21,0.008208042,0.01240083,0.007109162
2021-07-22,0.002014639,0.012353917,0.007088105
2021-07-23,0.010094332,0.012048422,0.007288881
2021-07-26,0.002379367,0.005488953,0.007280672
2021-07-27,-0.004723583,0.005845845,0.007414577
2021-07-28,-0.000186279,0.005376179,0.007418585
2021-07-29,0.004197332,0.005473949,0.007447815
2021-07-30,-0.005420714,0.004248286,0.007540103
2021-08-02,-0.001844506,0.003873692,0.007396812
2021-08-03,0.008169961,0.005299856,0.007570292
2021-08-04,-0.004643151,0.005887889,0.007645148
2021-08-05,0.005987486,0.006243632,0.00742322
2021-08-06,0.001673865,0.005312729,0.007045241
2021-08-09,-0.00094035,0.005168164,0.007025504
2021-08-10,0.000992187,0.00387925,0.006960272
2021-08-11,0.001274931,0.002548956,0.006960649
2021-08-12,0.004137808,0.001818375,0.006931327
2021-08-13,0.001606016,0.001816331,0.006621185
2021-08-16,0.002617422,0.001281513,0.005165529
2021-08-17,-0.007085744,0.004389872,0.00469217
2021-08-18,-0.010806653,0.006621453,0.005149633
2021-08-19,0.001255903,0.006065934,0.005140478
2021-08-20,0.008108604,0.00765151,0.004960142
2021-08-23,0.008487668,0.008751549,0.005270812
2021-08-24,0.001494619,0.007807017,0.005118802
2021-08-25,0.002217657,0.003657664,0.005118846
2021-08-26,-0.00584195,0.005856913,0.005285956
2021-08-27,0.008769072,0.006009404,0.005390516
2021-08-30,0.004297324,0.005308519,0.005377987
2021-08-31,-0.001350027,0.005548338,0.005182575
2021-09-01,0.00031164,0.005562333,0.005008454
2021-09-02,0.002838606,0.003909531,0.004903741
2021-09-03,-0.000335087,0.002340698,0.004914151
2021-09-07,-0.003401352,0.002286322,0.004998091
2021-09-08,-0.001319437,0.00228314,0.005024439
2021-09-09,-0.004616247,0.002891817,0.005169658
2021-09-10,-0.007752552,0.002920203,0.005415532
2021-09-13,0.0022739,0.003741377,0.005428164
2021-09-14,-0.005763214,0.003953616,0.005538494
2021-09-15,0.008438294,0.006708039,0.005640675
2021-09-16,-0.001552345,0.006486661,0.00502158
2021-09-17,-0.00915263,0.006876485,0.005492211
2021-09-20,-0.017123078,0.009450731,0.006424728
2021-09-21,-0.000812689,0.009612722,0.006029822
2021-09-22,0.009474585,0.009954146,0.006479981
2021-09-23,0.01206168,0.012315819,0.00708451
2021-09-24,0.001459943,0.011468674,0.006983665
2021-09-27,-0.002780244,0.006528325,0.006677007
2021-09-28,-0.020574318,0.012926619,0.00789455
2021-09-29,0.001567954,0.011910545,0.007933744
2021-09-30,-0.011981203,0.009623042,0.008229132
2021-10-01,0.011425952,0.012326401,0.008728603
2021-10-04,-0.013070952,0.012823178,0.009057353
2021-10-05,0.010469517,0.011795294,0.00951699
2021-10-06,0.004094399,0.011949377,0.009612868
2021-10-07,0.008264039,0.010078788,0.009835779
2021-10-08,-0.001915557,0.009445776,0.009712306
2021-10-11,-0.006889442,0.007184608,0.009777579
2021-10-12,-0.002419706,0.005953783,0.009724212
2021-10-13,0.003017956,0.005796345,0.009519202
2021-10-14,0.016919162,0.009181144,0.010355036
2021-10-15,0.007432521,0.009201788,0.010280888
2021-10-18,0.003369088,0.007201056,0.009424843
2021-10-19,0.007366143,0.005608544,0.009498393
2021-10-20,0.003657334,0.005483247,0.009340854
2021-10-21,0.002991393,0.002236413,0.009019507
2021-10-22,-0.001073129,0.002994926,0.009032261
2021-10-25,0.004736959,0.0030687,0.009023359
2021-10-26,0.001818141,0.002224285,0.007400578
2021-10-27,-0.00506437,0.003846039,0.007590189
2021-10-28,0.009781288,0.005643891,0.006993046
2021-10-29,0.001947437,0.005383019,0.00672554
2021-11-01,0.001798459,0.005256293,0.00561169
2021-11-02,0.003673607,0.005300596,0.005368926
2021-11-03,0.006440495,0.00338725,0.005415492
2021-11-04,0.004173222,0.001895963,0.005293726
2021-11-05,0.00372585,0.00165887,0.005161734
2021-11-08,0.000887394,0.001975745,0.004611815
2021-11-09,-0.003504911,0.003819957,0.004693988
2021-11-10,-0.008259842,0.005263567,0.005404463
2021-11-11,0.000550788,0.004657475,0.004343327
2021-11-12,0.007196698,0.005732222,0.00432902
2021-11-15,-1.07e-05,0.005686835,0.004351437
2021-11-16,0.003857779,0.005765834,0.004197738
2021-11-17,-0.002605015,0.003794807,0.004297332
2021-11-18,0.003379065,0.003773168,0.004304555
2021-11-19,-0.001399645,0.002870985,0.004316119
2021-11-22,-0.003202258,0.003365261,0.00438244
2021-11-23,0.001655761,0.002837939,0.0043815
2021-11-24,0.002291224,0.002744932,0.004124672
2021-11-26,-0.022987011,0.01045011,0.006522751
2021-11-29,0.013113836,0.01324722,0.00714792
2021-11-30,-0.019143381,0.01540405,0.008381161
2021-12-01,-0.011885541,0.015126139,0.008689014
2021-12-02,0.014094638,0.017769647,0.009200747
2021-12-03,-0.008484455,0.015166332,0.009268241
2021-12-06,0.011662599,0.014803293,0.009666762
2021-12-07,0.020495603,0.014439638,0.010809915
2021-12-08,0.003080536,0.011208185,0.010802936
2021-12-09,-0.007206988,0.012380256,0.010762184
2021-12-10,0.009503769,0.010320549,0.010960913
2021-12-13,-0.009178158,0.012250687,0.011058892
2021-12-14,-0.007498723,0.008165253,0.011180075
2021-12-15,0.016216267,0.011672883,0.011761351
2021-12-16,-0.008781863,0.0119464,0.011916067
2021-12-17,-0.010340965,0.011300345,0.012091974
2021-12-20,-0.011453398,0.011606838,0.012320665
2021-12-21,0.017621755,0.014887937,0.013020581
2021-12-22,0.010128728,0.01347922,0.013225884
2021-12-23,0.006204413,0.012846715,0.013289385
2021-12-27,0.013744052,0.011279888,0.012417359
2021-12-28,-0.001010665,0.007168915,0.012156589
2021-12-29,0.001400913,0.006068687,0.011157279
2021-12-30,-0.002994234,0.00669285,0.010726267
2021-12-31,-0.002629634,0.006951221,0.01045276
2022-01-03,0.006353824,0.003840069,0.010190954
2022-01-04,-0.00062982,0.003813138,0.009994945
2022-01-05,-0.019583264,0.009542457,0.010140173
2022-01-06,-0.000964234,0.009633203,0.010118906
2022-01-07,-0.004058441,0.009622463,0.010025844
2022-01-10,-0.001442071,0.008078364,0.009781414
2022-01-11,0.009118286,0.010353798,0.009777222
2022-01-12,0.002813792,0.00511279,0.009605266
2022-01-13,-0.014346029,0.008701895,0.009485027
2022-01-14,0.000819644,0.008628102,0.009286965
2022-01-18,-0.018559105,0.011840073,0.009925538
2022-01-19,-0.009736791,0.00934493,0.009832577
2022-01-20,-0.011098742,0.007224628,0.009136593
2022-01-21,-0.019095995,0.008101972,0.009455854
2022-01-24,0.002767905,0.008856373,0.009304358
2022-01-25,-0.012246591,0.007937421,0.008560865
2022-01-26,-0.001497757,0.008785065,0.008550336
2022-01-27,-0.005398635,0.008689742,0.008425894
2022-01-28,0.024055968,0.013746992,0.010659989
2022-01-31,0.018709826,0.015799583,0.011788164
2022-02-01,0.00683956,0.012669888,0.011808284
2022-02-02,0.0093784,0.011383688,0.012107853
2022-02-03,-0.024693472,0.018961039,0.012540708
2022-02-04,0.005143678,0.016383834,0.012652201
2022-02-07,-0.003708581,0.013917606,0.012649631
2022-02-08,0.008366113,0.014158427,0.01286513
2022-02-09,0.014412842,0.01522871,0.01314903
2022-02-10,-0.018281824,0.012699603,0.013634293
2022-02-11,-0.019151683,0.015207289,0.013895588
2022-02-14,-0.003847991,0.015207499,0.013873449
2022-02-15,0.015643718,0.016904697,0.013947133
2022-02-16,0.00088082,0.014480499,0.013805319
2022-02-17,-0.021400504,0.015245221,0.014395601
2022-02-18,-0.007191962,0.013410363,0.013850599
2022-02-22,-0.010194735,0.013784185,0.013989222
2022-02-23,-0.018583736,0.008965809,0.014320231
2022-02-24,0.014846105,0.014297975,0.014780856
2022-02-25,0.022126081,0.017398145,0.015580955
2022-02-28,-0.002445591,0.017019334,0.014582087
2022-03-01,-0.015594468,0.018058721,0.014196512
2022-03-02,0.018471047,0.015972779,0.014818398
2022-03-03,-0.005268521,0.016185564,0.014597613
2022-03-04,-0.007965685,0.01273551,0.01371292
2022-03-07,-0.029962587,0.01766486,0.014980778
2022-03-08,-0.007260044,0.017162719,0.015005126
2022-03-09,0.025373598,0.019746265,0.016157816
2022-03-10,-0.00430105,0.01974792,0.015644098
2022-03-11,-0.013046279,0.020077993,0.015429685
2022-03-14,-0.007448675,0.015262568,0.015019073
2022-03-15,0.02118263,0.017621074,0.015946539
2022-03-16,0.022136922,0.016690641,0.016376537
2022-03-17,0.012272205,0.016345375,0.016651516
2022-03-18,0.011594814,0.011890683,0.01612002
2022-03-21,-0.000434755,0.009121703,0.016011122
2022-03-22,0.0112407,0.008002496,0.015920124
2022-03-23,-0.01234863,0.010775001,0.015545321
2022-03-24,0.014242012,0.01116092,0.015520962
2022-03-25,0.005053381,0.010540053,0.014847018
2022-03-28,0.007119551,0.010365961,0.014857976
2022-03-29,0.012182044,0.010513743,0.014392829
2022-03-30,-0.006313589,0.008044868,0.014113074
2022-03-31,-0.015776335,0.011317629,0.014600831
2022-04-01,0.003404421,0.011173166,0.014417627
2022-04-04,0.008058383,0.011326964,0.01226555
2022-04-05,-0.012631159,0.010205861,0.012587626
2022-04-06,-0.009764434,0.010459867,0.011891826
2022-04-07,0.004244366,0.009226126,0.01179449
2022-04-08,-0.002654547,0.008837278,0.011279723
2022-04-11,-0.017021335,0.00841872,0.011942049
2022-04-12,-0.003423301,0.00803178,0.011191278
2022-04-13,0.011112603,0.010464316,0.010365412
2022-04-14,-0.01221848,0.01077144,0.01041116
2022-04-18,-0.000204889,0.010949983,0.010034097
2022-04-19,0.015930045,0.011327384,0.010710469
2022-04-20,-0.000618666,0.011042745,0.01037923
2022-04-21,-0.014862856,0.012203559,0.010543184
2022-04-22,-0.028132076,0.016665505,0.011586943
2022-04-25,0.005681765,0.01733446,0.011610261
2022-04-26,-0.028550009,0.015621454,0.012696068
2022-04-27,0.002095849,0.016208345,0.012185343
2022-04-28,0.024445655,0.023027891,0.013849266
2022-04-29,-0.03695916,0.025464472,0.015540673
2022-05-02,0.005659199,0.025461741,0.015609847
2022-05-03,0.004825465,0.022490403,0.015489332
2022-05-04,0.029425222,0.026146761,0.017118237
2022-05-05,-0.036300678,0.029079332,0.018665372
2022-05-06,-0.005690384,0.023824403,0.018569835
2022-05-09,-0.03256152,0.027270187,0.019599749
2022-05-10,0.002454882,0.027009509,0.019500034
2022-05-11,-0.016600232,0.016722005,0.019669575
2022-05-12,-0.001296805,0.014135934,0.019308595
2022-05-13,0.023589268,0.021099581,0.020350628
2022-05-16,-0.003954209,0.014593227,0.020327365
2022-05-17,0.01996892,0.016984244,0.020560479
2022-05-18,-0.041233809,0.025841066,0.022117391
2022-05-19,-0.005850865,0.02595243,0.022027516
2022-05-20,0.000146131,0.022122488,0.021428101
2022-05-23,0.018384995,0.024781584,0.021929298
2022-05-24,-0.008153951,0.021618787,0.021184237
2022-05-25,0.009406386,0.011049944,0.021337136
2022-05-26,0.019688166,0.011927037,0.021045275
2022-05-27,0.02444113,0.012891167,0.020256363
2022-05-31,-0.006294135,0.014781812,0.020266796
2022-06-01,-0.007510905,0.01460991,0.020290938
2022-06-02,0.018263225,0.015349424,0.01955312
2022-06-03,-0.016482406,0.017802934,0.01814581
2022-06-06,0.003132489,0.013183748,0.018119299
2022-06-07,0.009478332,0.013709587,0.016513212
2022-06-08,-0.010852623,0.014319051,0.016763469
2022-06-09,-0.024086458,0.013856445,0.017263003
2022-06-10,-0.029542415,0.016824306,0.018570064
2022-06-13,-0.039539932,0.018948989,0.019618298
2022-06-14,-0.003780818,0.014353807,0.019618139
2022-06-15,0.014487059,0.021682208,0.019308531
2022-06-16,-0.033052207,0.022808721,0.018545167
2022-06-17,0.002198447,0.023304178,0.018576175
2022-06-21,0.024182475,0.021811619,0.019541748
2022-06-22,-0.00130242,0.021709215,0.018959617
2022-06-23,0.009487072,0.021055382,0.019105556
2022-06-24,0.03010554,0.013704005,0.020274247
2022-06-27,-0.0029775,0.014864109,0.019690934
2022-06-28,-0.020348673,0.018548544,0.019064633
2022-06-29,-0.000711999,0.018516215,0.019073556
2022-06-30,-0.008797866,0.018746305,0.019088393
2022-07-01,0.010498511,0.01130563,0.018686331
2022-07-05,0.001582875,0.011635041,0.018507071
2022-07-06,0.003566796,0.006996783,0.018515506
2022-07-07,0.014853723,0.009072882,0.018750878
2022-07-08,-0.000830616,0.006532461,0.018669385
2022-07-11,-0.011594418,0.009480173,0.018117033
2022-07-12,-0.009286868,0.010636668,0.017034611
2022-07-13,-0.004466864,0.01044391,0.014478642
2022-07-14,-0.003003139,0.004472733,0.014467041
2022-07-15,0.019019232,0.012185667,0.014727038
2022-07-18,-0.008398742,0.011618484,0.012610325
2022-07-19,0.027253518,0.015961793,0.013799769
2022-07-20,0.005878494,0.014887056,0.012931477
2022-07-21,0.009813067,0.013527964,0.01299696
2022-07-22,-0.009376287,0.015044555,0.013190697
2022-07-25,0.001314303,0.013415321,0.011431714
2022-07-26,-0.011610343,0.009382509,0.011736764
2022-07-27,0.025820049,0.01530085,0.012005674
2022-07-28,0.01206032,0.015574514,0.012160264
2022-07-29,0.014107776,0.01414246,0.012047468
2022-08-01,-0.002827077,0.014764286,0.012058595
2022-08-02,-0.006684688,0.013256927,0.012274543
2022-08-03,0.015517456,0.010379294,0.01257639
2022-08-04,-0.000777642,0.010226535,0.012341918
2022-08-05,-0.001627069,0.008575073,0.012356532
2022-08-08,-0.001238317,0.008439125,0.011919525
2022-08-09,-0.004257744,0.007938869,0.011684655
2022-08-10,0.021067158,0.010393127,0.012117817
2022-08-11,-0.000705723,0.010387274,0.012047621
2022-08-12,0.017174047,0.011764651,0.011942976
2022-08-15,0.003961684,0.011132604,0.011518586
2022-08-16,0.001873923,0.009775829,0.010364279
2022-08-17,-0.007264115,0.008974695,0.010682317
2022-08-18,0.00226699,0.008763144,0.010592274
2022-08-19,-0.012983929,0.007351754,0.010849605
2022-08-22,-0.021632366,0.010162504,0.012195883
2022-08-23,-0.00224037,0.009342371,0.011815026
2022-08-24,0.002911917,0.010659308,0.010478291
2022-08-25,0.013993242,0.013840507,0.010589771
2022-08-26,-0.034268576,0.019439135,0.012849771
2022-08-29,-0.006688675,0.01795915,0.01290933
2022-08-30,-0.011089416,0.018023275,0.013046818
2022-08-31,-0.007847738,0.017161463,0.012496108
2022-09-01,0.002991752,0.013829353,0.012551258
2022-09-02,-0.010794553,0.005728848,0.012692753
2022-09-06,-0.004103465,0.005844019,0.012691099
2022-09-07,0.018174849,0.011551242,0.013526862
2022-09-08,0.006588967,0.01098849,0.012596332
2022-09-09,0.015156015,0.012365142,0.013199112
2022-09-12,0.010528651,0.008682788,0.012776081
2022-09-13,-0.044199163,0.025787847,0.015775315
2022-09-14,0.003381289,0.02415766,0.015810585
2022-09-15,-0.011382272,0.023950461,0.015877129
2022-09-16,-0.00720805,0.021092189,0.015803834
2022-09-19,0.006833698,0.020250896,0.015900231
2022-09-20,-0.011336115,0.008521207,0.015461442
2022-09-21,-0.017264674,0.009069783,0.015757642
2022-09-22,-0.008463294,0.008895672,0.015689493
2022-09-23,-0.017382829,0.009920463,0.01526922
2022-09-26,-0.010394361,0.004108867,0.013844099
2022-09-27,-0.002122611,0.006432681,0.013856335
2022-09-28,0.019481144,0.014093861,0.014802695
2022-09-29,-0.021352795,0.016188597,0.015312253
2022-09-30,-0.015181352,0.015839837,0.015405484
2022-10-03,0.025554578,0.020708295,0.016775571
2022-10-04,0.030125341,0.024125169,0.018354012
2022-10-05,-0.002019988,0.023411588,0.017759163
2022-10-06,-0.010297923,0.020870696,0.017703997
2022-10-07,-0.028403197,0.024661146,0.017981198
2022-10-10,-0.007520673,0.021303314,0.017579938
2022-10-11,-0.006540518,0.010197892,0.015177385
2022-10-12,-0.0032962,0.009930777,0.015066195
2022-10-13,0.025634259,0.019319982,0.0164401
2022-10-14,-0.023947121,0.017969922,0.017076286
2022-10-17,0.026135525,0.021809344,0.018221561
2022-10-18,0.011362768,0.021189712,0.018376648
2022-10-19,-0.006694455,0.021658953,0.018057545
2022-10-20,-0.007982687,0.019325684,0.01804778
2022-10-21,0.02344776,0.01614274,0.01843115
2022-10-24,0.01181194,0.013443122,0.018390157
2022-10-25,0.01613577,0.014040783,0.018631062
2022-10-26,-0.00741514,0.014223431,0.018333672
2022-10-27,-0.006101185,0.013737952,0.017638059
2022-10-28,0.024328037,0.013995433,0.017795949
2022-10-31,-0.007482327,0.015203881,0.01723545
2022-11-01,-0.004109664,0.013755135,0.016010626
2022-11-02,-0.025319844,0.017841112,0.017044905
2022-11-03,-0.010642423,0.018105193,0.017055698
2022-11-04,0.013526823,0.013951988,0.015965486
2022-11-07,0.009568062,0.015717218,0.015899434
2022-11-08,0.005582283,0.016197421,0.015762275
2022-11-09,-0.020996785,0.014646297,0.016621347
2022-11-10,0.053952516,0.026915148,0.019641698
2022-11-11,0.009198312,0.026936495,0.018548972
2022-11-14,-0.008975941,0.028493875,0.01814178
2022-11-15,0.008675376,0.028468556,0.018091606
2022-11-16,-0.008286283,0.025615081,0.018142363
2022-11-17,-0.003094105,0.008908449,0.018012755
2022-11-18,0.004747296,0.007857915,0.017408402
2022-11-21,-0.00389125,0.006900961,0.017332379
2022-11-22,0.013488606,0.008603774,0.017228304
2022-11-23,0.005897266,0.007161754,0.017108756
2022-11-25,-0.000283084,0.006610749,0.017003894
2022-11-28,-0.015564697,0.010887803,0.016681668
2022-11-29,-0.001593134,0.010733612,0.016579449
2022-11-30,0.030478644,0.016858949,0.017769354
2022-12-01,-0.00086801,0.016918619,0.016528985
2022-12-02,-0.001195375,0.016960115,0.016219221
2022-12-05,-0.01805625,0.017637518,0.016822265
2022-12-06,-0.014503869,0.019131678,0.017180356
2022-12-07,-0.001864107,0.00830329,0.017173291
2022-12-08,0.007493634,0.010478964,0.01638443
2022-12-09,-0.007376719,0.010186235,0.011234262
2022-12-12,0.014178307,0.011451777,0.011507241
2022-12-13,0.007263223,0.008518375,0.011415319
2022-12-14,-0.006071117,0.009397291,0.011354748
2022-12-15,-0.025237478,0.015186457,0.012576294
2022-12-16,-0.01120024,0.015526161,0.012782954
2022-12-19,-0.009048329,0.011634756,0.01281686
2022-12-20,0.001036801,0.00964002,0.012823885
2022-12-21,0.014758549,0.014889847,0.012905679
2022-12-22,-0.014557142,0.011893685,0.01309044
2022-12-23,0.005850952,0.011684801,0.013219068
2022-12-27,-0.004057844,0.010950594,0.012856979
2022-12-28,-0.01209347,0.012311368,0.013063888
2022-12-29,0.017310634,0.013201602,0.011574316
2022-12-30,-0.002543976,0.011170184,0.011564802
2023-01-03,-0.004008572,0.010944168,0.01155886
2023-01-04,0.007510695,0.011371392,0.01123109
2023-01-05,-0.011713869,0.011260888,0.011082089
2023-01-06,0.022583836,0.013211874,0.012341924
2023-01-09,-0.000767927,0.013069991,0.012197851
2023-01-10,0.006953998,0.012568789,0.012218829
2023-01-11,0.012767571,0.013050991,0.012135289
2023-01-12,0.003410085,0.009076898,0.012039722
2023-01-13,0.003988892,0.00501514,0.012002867
2023-01-17,-0.002032555,0.005411994,0.010451382
2023-01-18,-0.015684967,0.010482136,0.01077471
2023-01-19,-0.007667672,0.008242903,0.010711293
2023-01-20,0.018741674,0.012987444,0.011418241
2023-01-23,0.011811316,0.014092187,0.011262015
2023-01-24,-0.000711756,0.014032597,0.01061099
2023-01-25,-0.000181742,0.010646153,0.010595926
2023-01-26,0.010947708,0.008386902,0.010661987
2023-01-27,0.002491734,0.006071504,0.010062184
2023-01-30,-0.013053569,0.008616043,0.010184155
2023-01-31,0.014536304,0.01077425,0.010482304
2023-02-01,0.010398056,0.011041485,0.010470617
2023-02-02,0.014592385,0.011631559,0.010722396
2023-02-03,-0.010408593,0.013779348,0.010624793
2023-02-06,-0.006159393,0.01197098,0.009918582
2023-02-07,0.012790364,0.01162896,0.010130265
2023-02-08,-0.011142573,0.012717542,0.01059159
2023-02-09,-0.00886901,0.009993765,0.010589597
2023-02-10,0.002192856,0.009799531,0.010580869
2023-02-13,0.01138357,0.011098719,0.010805522
2023-02-14,-0.000280454,0.009059102,0.010780753
2023-02-15,0.002769338,0.007253347,0.009965627
2023-02-16,-0.013884689,0.009137502,0.010394087
2023-02-17,-0.002771242,0.009168538,0.009703977
2023-02-21,-0.020244784,0.009762539,0.01049544
2023-02-22,-0.001574795,0.009558749,0.010499081
2023-02-23,0.005315278,0.010260697,0.010574666
2023-02-24,-0.010593465,0.00977309,0.01049241
2023-02-27,0.003068293,0.010568068,0.010503658
2023-02-28,-0.00304062,0.006170423,0.010135947
2023-03-01,-0.004736464,0.006356485,0.009518928
2023-03-02,0.007553594,0.007042084,0.009350623
2023-03-03,0.016018749,0.00841998,0.009485904
2023-03-06,0.000686931,0.008536333,0.009267458
2023-03-07,-0.01544559,0.011956218,0.009755333
2023-03-08,0.001413794,0.011551773,0.009191107
2023-03-09,-0.018631858,0.01408769,0.009716092
2023-03-10,-0.014583969,0.009582479,0.00999384
2023-03-13,-0.001510902,0.009044438,0.00993117
2023-03-14,0.016342388,0.013906776,0.01036059
2023-03-15,-0.007005364,0.01368706,0.010386802
2023-03-16,0.017409576,0.014243641,0.01129422
2023-03-17,-0.011080621,0.013268684,0.011159584
2023-03-20,0.00887887,0.013232221,0.01142742
2023-03-21,0.012898648,0.012560919,0.01097365
2023-03-22,-0.016600249,0.015167173,0.011589188
2023-03-23,0.002980084,0.012754702,0.011537231
2023-03-24,0.005623963,0.011437904,0.011381462
2023-03-27,0.0016456,0.010915423,0.01136579
2023-03-28,-0.001575083,0.008784983,0.01135027
2023-03-29,0.014136871,0.005947217,0.011713282
2023-03-30,0.005698999,0.005890412,0.011665561
2023-03-31,0.014333328,0.007219613,0.011555902
2023-04-03,0.003692023,0.006901977,0.01157414
2023-04-04,-0.00581384,0.008363594,0.011045158
2023-04-05,-0.002495482,0.007811169,0.011079673
2023-04-06,0.003572773,0.007690087,0.01005076
2023-04-10,0.000995807,0.004105334,0.009242295
2023-04-11,-4.14e-05,0.0035681,0.009209439
2023-04-12,-0.004143456,0.00301089,0.008798493
2023-04-13,0.01317551,0.006475908,0.00884965
2023-04-14,-0.002071518,0.00677343,0.008251098
2023-04-17,0.003300704,0.00680185,0.007637509
2023-04-18,0.000854855,0.006744728,0.007517243
2023-04-19,-8.43e-05,0.005988738,0.007123006
2023-04-20,-0.005970335,0.003479064,0.005977618
2023-04-21,0.000902781,0.003460272,0.005984881
2023-04-24,0.000851217,0.002981096,0.005939801
2023-04-25,-0.015937184,0.007233115,0.007175249
2023-04-26,-0.003848584,0.00690597,0.007238741
2023-04-27,0.019377193,0.012702939,0.007809501
2023-04-28,0.008219331,0.013205653,0.00790369
2023-05-01,-0.000386181,0.01323785,0.007302718
2023-05-02,-0.011653907,0.011899501,0.007764244
2023-05-03,-0.007022908,0.012387017,0.007815939
2023-05-04,-0.007244913,0.007744204,0.007962677
2023-05-05,0.018306166,0.011833035,0.008964018
2023-05-08,0.000452026,0.011860442,0.008962873
2023-05-09,-0.004589939,0.010702752,0.009030825
2023-05-10,0.004473942,0.010036345,0.009022056
2023-05-11,-0.001698065,0.008970319,0.008526417
2023-05-12,-0.001584562,0.003352081,0.008521451
2023-05-15,0.002953798,0.0037136,0.008514377
2023-05-16,-0.006398108,0.004302788,0.008621698
2023-05-17,0.011820689,0.006884664,0.009055184
2023-05-18,0.009400723,0.007547088,0.00916881
2023-05-19,-0.001446914,0.007525316,0.009182732
2023-05-22,0.000155023,0.007657281,0.009183457
2023-05-23,-0.011285469,0.009255238,0.00879132
2023-05-24,-0.007345513,0.007900418,0.008924498
2023-05-25,0.008719456,0.007654436,0.008025016
2023-05-26,0.012964681,0.010288292,0.00833885
2023-05-30,1.66e-05,0.010290114,0.008337263
2023-05-31,-0.006127358,0.008973205,0.007999747
2023-06-01,0.009806215,0.007889768,0.008026823
2023-06-02,0.014429812,0.008897922,0.008234913
2023-06-05,-0.002005591,0.008572918,0.00741421
2023-06-06,0.00235113,0.008416717,0.007410414
2023-06-07,-0.003819294,0.007783061,0.007377751
2023-06-08,0.006169572,0.007276037,0.007420092
2023-06-09,0.001147401,0.003891121,0.007375549
2023-06-12,0.009277975,0.004995294,0.007496947
2023-06-13,0.006908571,0.005250776,0.007560344
2023-06-14,0.00081909,0.003726338,0.007267959
2023-06-15,0.01210458,0.004980281,0.007286146
2023-06-16,-0.003678376,0.006426035,0.007278952
2023-06-20,-0.004746354,0.007158076,0.007408353
2023-06-21,-0.005259086,0.007259348,0.007587347
2023-06-22,0.00370393,0.007467487,0.006914069
2023-06-23,-0.007688288,0.004304425,0.006940842
2023-06-26,-0.004496934,0.004326815,0.006972146
2023-06-27,0.011390734,0.007895472,0.006850812
2023-06-28,-0.000354139,0.007443447,0.006857003
2023-06-29,0.004463568,0.007532133,0.006600752
2023-06-30,0.01219435,0.007264584,0.006759079
2023-07-03,0.001169993,0.005771412,0.006166707
2023-07-05,-0.001970258,0.005610928,0.00616551
2023-07-06,-0.007954061,0.007494167,0.006551759
2023-07-07,-0.002869213,0.007506452,0.006514737
2023-07-10,0.002402139,0.004047027,0.006426994
2023-07-11,0.006719584,0.005558957,0.006538549
2023-07-12,0.007383905,0.006528529,0.006434483
2023-07-13,0.008434483,0.004674214,0.006510435
2023-07-14,-0.001024932,0.003976461,0.006534917
2023-07-17,0.00384797,0.003809087,0.006074032
2023-07-18,0.007092067,0.003852752,0.006106992
2023-07-19,0.002355135,0.003778387,0.005920847
2023-07-20,-0.006779827,0.005282958,0.006027471
2023-07-21,0.000324042,0.005180892,0.00602164
2023-07-24,0.004026038,0.005202768,0.005612964
2023-07-25,0.00281072,0.00430783,0.005378981
2023-07-26,-0.000155451,0.004189099,0.005001602
2023-07-27,-0.006445393,0.004053353,0.005333711
2023-07-28,0.009829376,0.005958838,0.005602839
2023-07-31,0.001467635,0.005851652,0.00507077
2023-08-01,-0.002668645,0.006054695,0.005157153
2023-08-02,-0.013936201,0.00886038,0.006158451
2023-08-03,-0.002551225,0.008577088,0.00586855
2023-08-04,-0.005314169,0.005753662,0.005978122
2023-08-07,0.008983619,0.00819797,0.006241052
2023-08-08,-0.004227205,0.00820722,0.006213303
2023-08-09,-0.007063619,0.006374209,0.006231787
2023-08-10,0.000250683,0.006440249,0.005905515
2023-08-11,-0.001070265,0.006077054,0.005905753
2023-08-14,0.005734005,0.004840439,0.005992602
2023-08-15,-0.011618139,0.006727836,0.006222893
2023-08-16,-0.007584082,0.00681466,0.006311666
2023-08-17,-0.007742811,0.006840754,0.006355182
2023-08-18,-0.000148718,0.006966056,0.006347554
2023-08-21,0.006855635,0.007374893,0.006515234
2023-08-22,-0.002781331,0.006046261,0.006429554
2023-08-23,0.010984331,0.007501513,0.007051082
2023-08-24,-0.013549354,0.009468737,0.007481632
2023-08-25,0.006695501,0.009878539,0.007254452
2023-08-28,0.006245079,0.009801436,0.007449437
2023-08-29,0.014404069,0.010871321,0.008268782
2023-08-30,0.003825854,0.010337179,0.00772792
2023-08-31,-0.001598213,0.005779172,0.00771418
2023-09-01,0.001797513,0.00602363,0.007616512
2023-09-05,-0.004202998,0.007160443,0.007403933
2023-09-06,-0.006996014,0.004380042,0.007507577
2023-09-07,-0.003216433,0.003252708,0.007375389
2023-09-08,0.001425606,0.003780364,0.007383723
2023-09-11,0.006700951,0.005384699,0.007534413
2023-09-12,-0.005712169,0.00562787,0.00753157
2023-09-13,0.001240862,0.004780446,0.007048889
2023-09-14,0.008394586,0.005534733,0.007009842
2023-09-15,-0.012234146,0.008641418,0.007371691
2023-09-18,0.000721028,0.007799211,0.007367702
2023-09-19,-0.002153327,0.007476464,0.007262282
2023-09-20,-0.009439204,0.008232794,0.007566799
2023-09-21,-0.016536918,0.007125529,0.007986798
2023-09-22,-0.002298237,0.007009096,0.007450085
2023-09-25,0.004014994,0.007891151,0.007334256
2023-09-26,-0.014844165,0.00863861,0.007773809
2023-09-27,0.000229288,0.009246476,0.006800576
2023-09-28,0.005875877,0.008161915,0.006916107
2023-09-29,-0.00271326,0.008175377,0.006913444
2023-10-02,7.94e-05,0.007688096,0.006867792
2023-10-03,-0.013839396,0.007279695,0.007311129
2023-10-04,0.008077048,0.008622516,0.007653459
2023-10-05,-0.001304881,0.007858371,0.007653497
2023-10-06,0.011745642,0.009898351,0.008237531
2023-10-09,0.006284068,0.010147472,0.008215653
2023-10-10,0.005194476,0.004780622,0.008298323
2023-10-11,0.00428382,0.004668117,0.008372519
2023-10-12,-0.006266025,0.006553664,0.008143222
2023-10-13,-0.005031496,0.006029412,0.007807808
2023-10-16,0.010538642,0.007172343,0.008244333
2023-10-17,-9.82e-05,0.006921964,0.008240764
2023-10-18,-0.013490408,0.008894836,0.008509635
2023-10-19,-0.008519032,0.009162942,0.007906924
2023-10-20,-0.012665149,0.010106735,0.008351157
2023-10-23,-0.001686992,0.006163659,0.008263409
2023-10-24,0.007239524,0.008669037,0.007837961
2023-10-25,-0.014443435,0.008887452,0.008448396
2023-10-26,-0.011903081,0.009247379,0.008616423
2023-10-27,-0.004811839,0.00862518,0.008639263
2023-10-30,0.011938474,0.011615529,0.00918167
2023-10-31,0.006454085,0.011456867,0.008854537
2023-11-01,0.010451195,0.010354048,0.008989381
2023-11-02,0.018682939,0.008670411,0.009933776
2023-11-03,0.009349884,0.00455229,0.009807142
2023-11-06,0.001751458,0.006213691,0.009720258
2023-11-07,0.002836093,0.006815039,0.009672563
2023-11-08,0.001004411,0.007457667,0.009627928
2023-11-09,-0.008116691,0.006247086,0.009700612
2023-11-10,0.015495759,0.008433113,0.010215408
2023-11-13,-0.000836188,0.008575951,0.009970118
2023-11-14,0.01889537,0.011455342,0.010788036
2023-11-15,0.001595738,0.011402988,0.010205134
2023-11-16,0.001189719,0.009188167,0.009897928
2023-11-17,0.001281228,0.008145962,0.00923327
2023-11-20,0.007363104,0.007631032,0.009196748
2023-11-21,-0.002022976,0.003399024,0.009245969
2023-11-22,0.004052905,0.003522781,0.008248175
2023-11-24,0.000596696,0.003582055,0.007390119
2023-11-27,-0.001956069,0.004062268,0.007219067
2023-11-28,0.000979639,0.002505783,0.007079279
2023-11-29,-0.000946697,0.002290059,0.007162081
2023-11-30,0.003776931,0.002185315,0.007003446
2023-12-01,0.005856559,0.003254101,0.006091849
2023-12-04,-0.005423188,0.0043655,0.006189933
2023-12-05,-0.000569032,0.004408609,0.006223767
2023-12-06,-0.003913852,0.004837423,0.006371721
2023-12-07,0.007936611,0.005901698,0.00650669
2023-12-08,0.004087134,0.005564408,0.006037496
2023-12-11,0.003916814,0.004594079,0.005269594
2023-12-12,0.004588813,0.004364523,0.005239581
2023-12-13,0.013558345,0.004108751,0.004438775
2023-12-14,0.002643565,0.004418536,0.00443624
2023-12-15,-7.63e-05,0.005144939,0.004462617
2023-12-18,0.004518122,0.005122423,0.00448289
2023-12-19,0.005849267,0.005125281,0.004407688
2023-12-20,-0.014793148,0.008363134,0.005787083
2023-12-21,0.010248769,0.009642389,0.006076351
2023-12-22,0.001658682,0.009618445,0.006067673
2023-12-26,0.004222761,0.009596128,0.006007444
2023-12-27,0.001429436,0.009286684,0.006002663
2023-12-28,0.000370106,0.003984509,0.005970832
2023-12-29,-0.002830477,0.002552906,0.006077964
2024-01-02,-0.005676661,0.003841002,0.006253758
2024-01-03,-0.008048618,0.003988967,0.006433627
2024-01-04,-0.003434272,0.003160667,0.006512511
2024-01-05,0.001824022,0.003678888,0.00639548
2024-01-08,0.014015945,0.008778162,0.006841439
2024-01-09,-0.001478994,0.008319841,0.006861125
2024-01-10,0.005649981,0.006905078,0.006902412
2024-01-11,-0.000671281,0.00631525,0.006887222
2024-01-12,0.000750694,0.006419477,0.006269775
2024-01-16,-0.003738319,0.003501658,0.006333545
2024-01-17,-0.005632731,0.00435852,0.006479847
2024-01-18,0.008766721,0.005556913,0.006694541
2024-01-19,0.012238308,0.007781738,0.007106791
2024-01-22,0.002191921,0.007728319,0.006095327
2024-01-23,0.002917115,0.006851575,0.005758507
2024-01-24,0.000811599,0.004888918,0.005758274
2024-01-25,0.005246578,0.00451973,0.005791168
2024-01-26,-0.000651998,0.00222545,0.005806174
2024-01-29,0.007528366,0.003299288,0.005974979
2024-01-30,-0.00060083,0.003715628,0.005910599
2024-01-31,-0.016236852,0.009276025,0.006971385
2024-02-01,0.012416286,0.01088642,0.007063455
2024-02-02,0.010627771,0.011726654,0.007182898
2024-02-05,-0.003191425,0.011613325,0.007305227
2024-02-06,0.002307746,0.011610795,0.006788726
2024-02-07,0.008207683,0.006433249,0.006875262
2024-02-08,0.000570421,0.005646625,0.006844461
2024-02-09,0.005725917,0.004440881,0.00685304
2024-02-12,-0.000949404,0.003754388,0.006886509
2024-02-13,-0.013768609,0.008528546,0.007678841
2024-02-14,0.009534168,0.008863412,0.00764188
2024-02-15,0.005804373,0.009216802,0.007545895
2024-02-16,-0.004815044,0.009147854,0.007352937
2024-02-20,-0.006023426,0.009439953,0.007549892
2024-02-21,0.001263401,0.006689732,0.007539987
2024-02-22,0.020902889,0.01087407,0.008731175
2024-02-23,0.000347887,0.010849537,0.008709746
2024-02-26,-0.003793939,0.010689736,0.008787139
2024-02-27,0.001704896,0.009650277,0.00868295
2024-02-28,-0.001659531,0.009947877,0.008699653
2024-02-29,0.00521547,0.003417534,0.007665344
2024-03-01,0.007975936,0.00482281,0.007424177
2024-03-04,-0.001193975,0.004150217,0.007193209
2024-03-05,-0.010245406,0.007070413,0.007607124
2024-03-06,0.005127933,0.007315045,0.00765171
2024-03-07,0.010251402,0.008261337,0.007758947
2024-03-08,-0.006549923,0.008356434,0.007969127
2024-03-11,-0.001122868,0.008355065,0.007913296
2024-03-12,0.011139513,0.007559815,0.008220313
2024-03-13,-0.001926384,0.007893736,0.007452949
2024-03-14,-0.002875221,0.006705828,0.007316496
2024-03-15,-0.006504023,0.0066951,0.007449733
2024-03-18,0.006298184,0.007254577,0.007418479
2024-03-19,0.005633253,0.005603626,0.007259383
2024-03-20,0.008864766,0.00660463,0.007416112
2024-03-21,0.003231309,0.005943776,0.006013023
2024-03-22,-0.001403172,0.00387372,0.006043291
2024-03-25,-0.00305964,0.004921615,0.006012172
2024-03-26,-0.002803722,0.005088017,0.006085993
2024-03-27,0.008593596,0.004983138,0.006260045
2024-03-28,0.001115863,0.004824225,0.006206884
2024-04-01,-0.002015615,0.004891571,0.006060918
2024-04-02,-0.007265388,0.00588804,0.006324378
2024-04-03,0.001090528,0.005759153,0.005773504
2024-04-04,-0.012411036,0.005860432,0.006452161
2024-04-05,0.01103805,0.008882824,0.006517354
2024-04-08,-0.000374701,0.008908346,0.006311121
2024-04-09,0.001444449,0.008354108,0.006296855
2024-04-10,-0.009501982,0.00934289,0.006219733
2024-04-11,0.007417222,0.007894238,0.0064261
2024-04-12,-0.014657588,0.008849414,0.007225361
2024-04-15,-0.012094196,0.009466234,0.007578952
2024-04-16,-0.002058625,0.008940819,0.007410425
2024-04-17,-0.005797375,0.008748026,0.007315271
2024-04-18,-0.002210602,0.005760426,0.006893846
2024-04-19,-0.00879713,0.004321882,0.006930123
2024-04-22,0.008693351,0.006614582,0.007381641
2024-04-23,0.011893567,0.009083731,0.008017996
2024-04-24,0.000212987,0.008369223,0.008019269
2024-04-25,-0.004586934,0.008725067,0.007700016
2024-04-26,0.010157381,0.007110027,0.008141817
2024-04-29,0.003173408,0.006870903,0.008206646
2024-04-30,-0.015855551,0.009698045,0.008746107
2024-05-01,-0.003441353,0.009685697,0.008729752
2024-05-02,0.009087025,0.010690069,0.008689268
2024-05-03,0.012478558,0.011243633,0.008797962
2024-05-06,0.010273174,0.011995919,0.009136927
2024-05-07,0.001342528,0.006718986,0.009135985
2024-05-08,-5.84e-06,0.005601492,0.008870764
2024-05-09,0.005078033,0.005447589,0.008786468
2024-05-10,0.00164804,0.004141305,0.008067844
2024-05-13,-0.000241333,0.002128858,0.007471806
2024-05-14,0.004826149,0.002563767,0.007455274
2024-05-15,0.011647828,0.004530556,0.007527914
2024-05-16,-0.002083837,0.00538916,0.007523553
2024-05-17,0.001164096,0.0054273,0.007030732
2024-05-20,0.00091597,0.005273675,0.006929512
2024-05-21,0.00249875,0.005206927,0.006597094
2024-05-22,-0.002709791,0.002242431,0.006680276
2024-05-23,-0.007408162,0.004016382,0.006860019
2024-05-24,0.006976649,0.005430591,0.006699039
2024-05-28,0.000248771,0.005412303,0.006703266
2024-05-29,-0.007394317,0.006009813,0.005724403
2024-05-30,-0.005992958,0.006272535,0.005884015
2024-05-31,0.007995824,0.007116662,0.005820706
2024-06-03,0.00111546,0.006176308,0.00527999
2024-06-04,0.001501681,0.00625469,0.004860042
2024-06-05,0.011778016,0.006860952,0.005420288
2024-06-06,-0.000199837,0.005189044,0.005423444
2024-06-07,-0.001115842,0.005227127,0.005389213
2024-06-10,0.00257753,0.005162705,0.005396751
2024-06-11,0.002706715,0.005108466,0.005392551
2024-06-12,0.00846772,0.003742494,0.005570986
2024-06-13,0.002341911,0.003447231,0.005055407
2024-06-14,-0.000393938,0.003240925,0.005012112
2024-06-17,0.007635164,0.003767914,0.005210946
2024-06-18,0.002518154,0.003786886,0.00521256
2024-06-20,-0.002529127,0.003819286,0.005290506
2024-06-21,-0.001563352,0.00409908,0.005249618
2024-06-24,-0.003069879,0.004503121,0.004944519
2024-06-25,0.003925874,0.00315892,0.004817963
2024-06-26,0.001571196,0.002982919,0.004808553
2024-06-27,0.00090691,0.00273609,0.00432594
2024-06-28,-0.004092013,0.003345051,0.004158519
2024-07-01,0.002671991,0.003066748,0.003925378
2024-07-02,0.006176206,0.003703167,0.00403787
2024-07-03,0.005071562,0.004047416,0.004089039
2024-07-05,0.005433974,0.004203999,0.003518904
2024-07-08,0.001016182,0.002155215,0.003490154
2024-07-09,0.000740797,0.002597039,0.003426671
2024-07-10,0.010156315,0.003855521,0.003871743
2024-07-11,-0.00880165,0.007020038,0.004619899
2024-07-12,0.005501864,0.007029103,0.004442493
2024-07-15,0.002822216,0.007030124,0.004447095
2024-07-16,0.00636905,0.007209605,0.004529066
2024-07-17,-0.014025442,0.009216154,0.005603892
2024-07-18,-0.007847112,0.00903855,0.005929823
2024-07-19,-0.007165879,0.008357447,0.00614222
2024-07-22,0.010734217,0.010451538,0.006548994
2024-07-23,-0.001559318,0.009332509,0.006509332
2024-07-24,-0.023421242,0.012327964,0.008443075
2024-07-25,-0.005155889,0.01227772,0.008494797
2024-07-26,0.01102942,0.014145847,0.008889428
2024-07-29,0.00081298,0.012579188,0.008844449
2024-07-30,-0.004972514,0.012529284,0.008889243
2024-07-31,0.015669981,0.00947003,0.00948954
2024-08-01,-0.013788124,0.011909838,0.009899833
2024-08-02,-0.018552907,0.013402194,0.01053461
2024-08-05,-0.030427041,0.017234646,0.012261994
2024-08-06,0.010300849,0.019627633,0.012620953
2024-08-07,-0.007764715,0.015007903,0.012260072
2024-08-08,0.02278114,0.021467472,0.01357424
2024-08-09,0.004660798,0.02020437,0.013549645
2024-08-12,4.3e-05,0.011476608,0.013506643
2024-08-13,0.016707233,0.012396928,0.014055207
2024-08-14,0.003816437,0.009662248,0.013822547
2024-08-15,0.01600449,0.007608384,0.014241885
2024-08-16,0.001987802,0.008006787,0.014146661
2024-08-19,0.009675327,0.006762466,0.014108057
2024-08-20,-0.001986527,0.007039134,0.01411149
2024-08-21,0.004230715,0.007010867,0.012965831
2024-08-22,-0.008972942,0.006983062,0.013100285
2024-08-23,0.011417937,0.008442043,0.013115341
2024-08-26,-0.00315871,0.007781986,0.013157602
2024-08-27,0.001593925,0.007682377,0.013072299
2024-08-28,-0.005993901,0.007970225,0.012748378
2024-08-29,-3.94e-05,0.006631317,0.012292597
2024-08-30,0.010042457,0.006084866,0.011497216
2024-09-03,-0.021377963,0.011689397,0.010231415
2024-09-04,-0.001603829,0.011449639,0.01014237
2024-09-05,-0.003022581,0.011383868,0.009940659
2024-09-06,-0.017410945,0.012747234,0.009758183
2024-09-09,0.011513534,0.0132371,0.010016635
2024-09-10,0.0044627,0.01072356,0.010039114
2024-09-11,0.010608556,0.011934488,0.009633956
2024-09-12,0.007467352,0.011921987,0.009722531
2024-09-13,0.005393142,0.003109657,0.009148857
2024-09-16,0.001255841,0.003482044,0.009145071
2024-09-17,0.000264515,0.004305282,0.008897984
2024-09-18,-0.002900659,0.004139725,0.008912328
2024-09-19,0.016834357,0.007674981,0.009629901
2024-09-20,-0.001942914,0.008073432,0.009378712
2024-09-23,0.002805334,0.008033673,0.009076264
2024-09-24,0.002508031,0.007903444,0.009036529
2024-09-25,-0.001862983,0.00770579,0.009058067
2024-09-26,0.004030542,0.002807005,0.008935955
2024-09-27,-0.001254003,0.002631241,0.00895002
2024-09-30,0.004227604,0.002904709,0.008742798
2024-10-01,-0.009367849,0.005553034,0.00744031
2024-10-02,0.000138381,0.005533438,0.007410963
2024-10-03,-0.001682829,0.004935794,0.007372102
2024-10-04,0.008930256,0.006841441,0.005991662
2024-10-07,-0.009632264,0.007683736,0.006282215
2024-10-08,0.009642707,0.008022187,0.00649176
2024-10-09,0.007088231,0.008328034,0.006298716
2024-10-10,-0.002072269,0.00838289,0.006231487
2024-10-11,0.006033609,0.007941021,0.006253503
2024-10-14,0.007678115,0.004524963,0.006395361
2024-10-15,-0.007638566,0.006775861,0.006741299
2024-10-16,0.004668233,0.006417973,0.006688883
2024-10-17,-0.000171175,0.006188323,0.005706883
2024-10-18,0.003963687,0.005924159,0.005693598
2024-10-21,-0.001824433,0.004975135,0.00572754
2024-10-22,-0.000474967,0.00289371,0.005729707
2024-10-23,-0.009233824,0.00481077,0.006146838
2024-10-24,0.002143473,0.005080219,0.006106608
2024-10-25,-0.000299492,0.004322197,0.00609542
2024-10-28,0.002647935,0.004789094,0.006056127
2024-10-29,0.001612826,0.004939692,0.005591829
2024-10-30,-0.003305692,0.002431954,0.005674637
2024-10-31,-0.018790135,0.008773921,0.007175807
2024-11-01,0.004084158,0.009387124,0.006937984
2024-11-04,-0.002816045,0.008907385,0.006609594
2024-11-05,0.012191031,0.011427051,0.00682339
2024-11-06,0.024981281,0.016379396,0.008683359
2024-11-07,0.007403754,0.010389585,0.008755427
2024-11-08,0.003749794,0.010431486,0.00870992
2024-11-11,0.000968594,0.009440759,0.008588966
2024-11-12,-0.002896851,0.010819576,0.00839562
2024-11-13,0.000232201,0.003884956,0.008364108
2024-11-14,-0.006068109,0.003776364,0.008517822
2024-11-15,-0.013291431,0.005792242,0.009049863
2024-11-18,0.00391016,0.006549723,0.009078127
2024-11-19,0.003955751,0.007401205,0.00911126
2024-11-20,2.2e-05,0.007384138,0.008818021
2024-11-21,0.005326252,0.00768062,0.008867908
2024-11-22,0.00346196,0.001979497,0.008874744
2024-11-25,0.003015928,0.001954808,0.008877916
2024-11-26,0.005705697,0.002265651,0.008930403
2024-11-27,-0.003808481,0.003839402,0.008945611
2024-11-29,0.00559212,0.003885731,0.007582963
2024-12-02,0.002445464,0.003868564,0.007577049
2024-12-03,0.000451347,0.003966766,0.007486448
2024-12-04,0.006033182,0.004043614,0.00720412
2024-12-05,-0.001871526,0.003367129,0.004957361
2024-12-06,0.002492345,0.002917794,0.004752154
2024-12-09,-0.006163167,0.00458597,0.004959542
2024-12-10,-0.002968284,0.004787522,0.005016745
2024-12-11,0.008132626,0.005536713,0.005250071
2024-12-12,-0.005428731,0.006031598,0.005433411
2024-12-13,-2.65e-05,0.005789557,0.005209598
2024-12-16,0.003792155,0.005393301,0.004037748
2024-12-17,-0.003871479,0.005559456,0.004186119
2024-12-18,-0.029936505,0.013260809,0.008095348
2024-12-19,-0.000865487,0.01355779,0.00809546
2024-12-20,0.010810479,0.015512986,0.008388097
2024-12-23,0.00726085,0.016018676,0.008516235
2024-12-24,0.010982233,0.017223007,0.008842804
2024-12-26,-0.000405741,0.00584675,0.008756361
2024-12-27,-0.011117305,0.009387374,0.00907616
2024-12-30,-0.010759674,0.010119231,0.009258463
2024-12-31,-0.004294006,0.009082125,0.009247157
2025-01-02,-0.002226363,0.004924461,0.009238511
2025-01-03,0.012517357,0.009604812,0.009623344
2025-01-06,0.005522766,0.009030994,0.009737441
2025-01-07,-0.011166022,0.009154717,0.009968557
2025-01-08,0.001559144,0.008825358,0.009928334
2025-01-10,-0.015531638,0.011677441,0.010435619
2025-01-13,0.001574204,0.009168183,0.010209233
2025-01-14,0.001145623,0.008240355,0.01020159
2025-01-15,0.018147133,0.011908662,0.011130454
2025-01-16,-0.002114924,0.0120077,0.011079236
2025-01-17,0.009941478,0.008242441,0.011327647
2025-01-21,0.008730009,0.007954796,0.009113007
2025-01-22,0.006119181,0.007296922,0.009151921
2025-01-23,0.005299419,0.004704392,0.008948146
2025-01-24,-0.002859216,0.00501112,0.008894734
2025-01-27,-0.014688059,0.00954335,0.009232272
2025-01-28,0.009175644,0.009640774,0.009468267
2025-01-29,-0.004689876,0.009302358,0.009166446
2025-01-30,0.005261548,0.009295397,0.008817634
2025-01-31,-0.005059604,0.009423489,0.008845141
2025-02-03,-0.007637691,0.00734957,0.009040356
2025-02-04,0.007198907,0.006719049,0.008759531
2025-02-05,0.003901054,0.006632778,0.008720898
2025-02-06,0.003637674,0.00639094,0.008276294
2025-02-07,-0.009509846,0.007547932,0.008631478
2025-02-10,0.006690112,0.006838542,0.007794367
2025-02-11,0.000339525,0.006297682,0.007802911
2025-02-12,-0.002727583,0.006234769,0.007871724
2025-02-13,0.010372313,0.007826241,0.007181456
2025-02-14,-7.19e-05,0.005414252,0.007143723
2025-02-18,0.002442004,0.004991645,0.006867187
2025-02-19,0.002374149,0.004897259,0.006638583
2025-02-20,-0.004343605,0.005358306,0.006607739
2025-02-21,-0.017211397,0.008218632,0.007552919
2025-02-24,-0.004981494,0.008018099,0.007597112
2025-02-25,-0.004690715,0.007089674,0.006948667
2025-02-26,0.000136015,0.006492364,0.006571551
2025-02-27,-0.015991743,0.007639936,0.007351643
2025-02-28,0.01572978,0.011519523,0.008183489
2025-03-03,-0.017753403,0.013587539,0.008971641
2025-03-04,-0.012310288,0.01403232,0.009195066
2025-03-05,0.011097473,0.015961654,0.009434931
2025-03-06,-0.017979677,0.016359634,0.010009276
2025-03-07,0.005505435,0.01365429,0.01008035
2025-03-10,-0.027343542,0.016118646,0.011419449
2025-03-11,-0.007596647,0.015955614,0.011190655
2025-03-12,0.004874968,0.014324813,0.011333601
2025-03-13,-0.013988367,0.013765317,0.011543598
2025-03-14,0.021042906,0.01845077,0.012479977
2025-03-17,0.006395635,0.013581575,0.012670896
2025-03-18,-0.010710667,0.014197448,0.012675041
2025-03-19,0.010740608,0.014774292,0.013042668
2025-03-20,-0.002187284,0.012152608,0.013048319
2025-03-21,0.000824314,0.008235911,0.012695571
2025-03-24,0.017492117,0.011059992,0.013477647
2025-03-25,0.001573095,0.008177316,0.013480588
2025-03-26,-0.01121964,0.010384941,0.013645196
2025-03-27,-0.003312461,0.010490956,0.013254275
2025-03-28,-0.019934601,0.014100077,0.013219464
2025-03-31,0.00552324,0.010215117,0.012895067
2025-04-01,0.003774105,0.010633576,0.012723599
2025-04-02,0.006705661,0.011040623,0.012535401
2025-04-03,-0.049605912,0.024364923,0.016187624
2025-04-04,-0.061609062,0.033664058,0.020655691
2025-04-07,-0.002334195,0.032389894,0.020071614
2025-04-08,-0.015825083,0.029781513,0.020207679
2025-04-09,0.09089488,0.060162388,0.029547762
2025-04-10,-0.035220607,0.057960814,0.030397295
2025-04-11,0.017930381,0.048643891,0.030278965
2025-04-14,0.007913319,0.048150316,0.030304337
2025-04-15,-0.001729275,0.046411832,0.030241642
2025-04-16,-0.022663254,0.021869779,0.03042398
2025-04-17,0.001325959,0.015007901,0.030443009
2025-04-21,-0.023849648,0.014539195,0.030757942
2025-04-22,0.024806952,0.020029967,0.031077652
2025-04-23,0.016523864,0.022190291,0.031405524
2025-04-24,0.020056628,0.019743207,0.031782322
2025-04-25,0.007346085,0.019432894,0.031849003
2025-04-28,0.000640502,0.009778999,0.03155308
2025-04-29,0.005785642,0.008001187,0.031555758
2025-04-30,0.001478897,0.007793857,0.031543733
2025-05-01,0.006279346,0.003031251,0.0315387
2025-05-02,0.014619191,0.005551863,0.029488597
2025-05-05,-0.006402047,0.007666313,0.025470072
2025-05-06,-0.007722985,0.009251329,0.025584208
2025-05-07,0.004336938,0.009326069,0.02510871
2025-05-08,0.005783021,0.009274588,0.015268151
2025-05-09,-0.000711734,0.006102049,0.012568082
2025-05-12,0.032039977,0.015095409,0.01375548
2025-05-13,0.007222059,0.01282301,0.01374677
2025-05-14,0.001023891,0.013250105,0.013697352
2025-05-15,0.004123817,0.013373255,0.012132442
2025-05-16,0.006980849,0.012422823,0.012090093
2025-05-19,0.00087573,0.003077763,0.009949962
2025-05-20,-0.003887777,0.004063436,0.009335602
2025-05-21,-0.016266719,0.009122264,0.010196435
2025-05-22,-0.00044497,0.008616001,0.009524728
2025-05-23,-0.0067309,0.006819482,0.009716903
2025-05-27,0.020252581,0.013466365,0.01048389
2025-05-28,-0.005586803,0.013565416,0.010656488
2025-05-29,0.004003171,0.010914321,0.010654178
2025-05-30,-8.12e-05,0.01089265,0.01064573
2025-06-02,0.004093651,0.009634314,0.010277804
2025-06-03,0.005783534,0.004581566,0.010104177
2025-06-04,7.37e-05,0.002634076,0.009825226
2025-06-05,-0.005291358,0.004301904,0.009998068
2025-06-06,0.010228196,0.005884267,0.010119751
2025-06-09,0.000919525,0.005904936,0.010095782
2025-06-10,0.005468013,0.005860491,0.007477197
2025-06-11,-0.00274766,0.006248936,0.007417414
2025-06-12,0.003815133,0.004871509,0.007441346
2025-06-13,-0.011360669,0.006686993,0.007919927
2025-06-16,0.009348823,0.008129832,0.008038646
2025-06-17,-0.00838726,0.008536692,0.008286359
2025-06-18,-0.000309288,0.008543402,0.008232817
2025-06-20,-0.002181035,0.00803798,0.007285484
2025-06-23,0.009560655,0.007763747,0.007517743
2025-06-24,0.011060329,0.008215061,0.007539682
2025-06-25,-3.29e-06,0.006182015,0.006274327
2025-06-26,0.007988131,0.005971813,0.006210345
2025-06-27,0.005205399,0.004359002,0.006235513
2025-06-30,0.005151138,0.004088991,0.006246323
2025-07-01,-0.001119157,0.003852666,0.006281504
2025-07-02,0.004733874,0.003341399,0.006253961
2025-07-03,0.008304378,0.003428353,0.006382557
2025-07-07,-0.007893368,0.006415241,0.006573799
2025-07-08,-0.000716143,0.006189754,0.006338205
2025-07-09,0.006043803,0.006495828,0.006402205
2025-07-10,0.002742441,0.006353021,0.006355536
2025-07-11,-0.003302972,0.005381022,0.006378365
2025-07-14,0.001406424,0.003529394,0.006363701
2025-07-15,-0.003964145,0.004211261,0.005742374
2025-07-16,0.003188569,0.003401803,0.005497811
2025-07-17,0.00535938,0.004063488,0.004982386
2025-07-18,-9.05e-05,0.0035224,0.004975984
2025-07-21,0.001398157,0.003522269,0.004858968
2025-07-22,0.000637328,0.002193101,0.004603925
2025-07-23,0.007781532,0.003395861,0.004325781
2025-07-24,0.00069798,0.003227792,0.004310286
2025-07-25,0.003966451,0.003049209,0.0041143
2025-07-28,0.000176842,0.003242043,0.004059886
2025-07-29,-0.00296383,0.004090494,0.004104725
2025-07-30,-0.001250214,0.00257487,0.004108925
2025-07-31,-0.003701662,0.003040042,0.004171742
2025-08-01,-0.016121387,0.006521459,0.005307882
2025-08-04,0.014629564,0.010957561,0.005967149
2025-08-05,-0.004869704,0.011037482,0.006093484
2025-08-06,0.007255522,0.011857546,0.006156283
2025-08-07,-0.000797798,0.011735784,0.0061438
2025-08-08,0.007769455,0.007686125,0.006283046
2025-08-11,-0.002507268,0.005793506,0.006331315
2025-08-12,0.011281559,0.005945376,0.006634296
2025-08-13,0.003224873,0.005765897,0.006634761
2025-08-14,0.000303045,0.005564209,0.00657983
2025-08-15,-0.00290134,0.005805043,0.006641744
2025-08-18,-0.000100768,0.005438528,0.00664785
2025-08-19,-0.005875329,0.003453824,0.00683003
2025-08-20,-0.002434631,0.002486311,0.006660318
2025-08-21,-0.00401222,0.002121674,0.00672803
2025-08-22,0.015072285,0.008401264,0.007483828
2025-08-25,-0.004275513,0.008682356,0.007563155
2025-08-26,0.004125474,0.008217849,0.007564012
2025-08-27,0.00238813,0.007888381,0.007557358
2025-08-28,0.003151747,0.006970837,0.007491737
2025-08-29,-0.00641874,0.004793869,0.006563203
2025-09-02,-0.00694635,0.005462843,0.006091074
2025-09-03,0.005087112,0.005689199,0.006020822
2025-09-04,0.008311847,0.006934,0.00608135
2025-09-05,-0.003170173,0.006937223,0.006145623
2025-09-08,0.002103764,0.006162201,0.005949646
2025-09-09,0.002684547,0.004229228,0.005909945
2025-09-10,0.002979028,0.004071716,0.005427556
2025-09-11,0.008450088,0.004120529,0.005677287
2025-09-12,-0.000482878,0.003264551,0.005684541
2025-09-15,0.004695578,0.003263276,0.005671894
2025-09-16,-0.00128876,0.003969228,0.005693149
2025-09-17,-0.000970639,0.004319796,0.005473402
2025-09-18,0.004777688,0.003108445,0.005441318
2025-09-19,0.004873524,0.00324068,0.005301613
2025-09-22,0.004400351,0.003191107,0.004405207
2025-09-23,-0.005517352,0.004633638,0.004501909
2025-09-24,-0.002850677,0.004950951,0.004570699
2025-09-25,-0.005021649,0.005087014,0.004774712
2025-09-26,0.005884489,0.005381607,0.004879221
2025-09-29,0.002632077,0.00501473,0.004556248
2025-09-30,0.004082504,0.004666283,0.004122969
2025-10-01,0.003394154,0.004209633,0.004075148
2025-10-02,0.000618164,0.001932398,0.003801767
2025-10-03,6.55e-05,0.001746865,0.003653429
2025-10-06,0.003639959,0.001869055,0.003676768
2025-10-07,-0.003818688,0.003028935,0.003881172
2025-10-08,0.005810748,0.003674415,0.00398713
2025-10-09,-0.002759374,0.004107565,0.003765391
2025-10-10,-0.027485975,0.013262035,0.007426922
2025-10-13,0.015478263,0.015956006,0.008159451
2025-10-14,-0.001565551,0.015943207,0.008162516
2025-10-15,0.004017919,0.01573955,0.008198321
2025-10-16,-0.00631428,0.015836281,0.008270903
2025-10-17,0.005256874,0.008196569,0.008283279
2025-10-20,0.010615724,0.006518086,0.008568833
2025-10-21,3.27e-05,0.006310756,0.008459416
2025-10-22,-0.005351835,0.007163231,0.008531074
2025-10-23,0.00581048,0.006106912,0.008508525
2025-10-24,0.007871362,0.006423019,0.00857983
2025-10-27,0.012215141,0.006871742,0.008930238
2025-10-28,0.002285331,0.006605839,0.008912764
2025-10-29,-4.36e-05,0.004790528,0.008907273
2025-10-30,-0.009954191,0.008438825,0.009257869
2025-10-31,0.002614501,0.00790925,0.009264908
2025-11-03,0.001719234,0.005287221,0.00924514
2025-11-04,-0.01180625,0.006841502,0.009621035
2025-11-05,0.003646898,0.007476431,0.009569279
2025-11-06,-0.011241135,0.00780129,0.009895061
2025-11-07,0.001261046,0.007577465,0.007509446
2025-11-10,0.015283627,0.011320323,0.007490244
2025-11-11,0.0020732,0.009418552,0.007460658
2025-11-12,0.000629319,0.009399699,0.007438904
2025-11-13,-0.016695452,0.01137222,0.008311394
2025-11-14,-0.000501851,0.011370455,0.008248788
2025-11-17,-0.009204498,0.008001183,0.008162608
2025-11-18,-0.00829071,0.007084921,0.008345874
2025-11-19,0.003746808,0.007983731,0.008337492
2025-11-20,-0.015689726,0.007658918,0.008860337
2025-11-21,0.009775103,0.010390987,0.008975831
2025-11-24,0.015348819,0.012799393,0.009249355
2025-11-25,0.009020886,0.011980573,0.009504055
2025-11-26,0.006882969,0.012017224,0.009662379
2025-11-28,0.005340487,0.003821261,0.009484103
2025-12-01,-0.005337549,0.007516074,0.00954386
2025-12-02,0.002454221,0.005575834,0.009553057
2025-12-03,0.002975361,0.004715061,0.009169116
2025-12-04,0.001079739,0.004017777,0.009141761
2025-12-05,0.001934769,0.003403838,0.008720283
2025-12-08,-0.003483315,0.002597921,0.008780121
2025-12-09,-0.000876743,0.002556015,0.0081009
2025-12-10,0.006726881,0.003783864,0.00822764
2025-12-11,0.002077192,0.003810294,0.00823713
2025-12-12,-0.010720913,0.006510106,0.007675044
2025-12-15,-0.001597839,0.006402509,0.0076877
2025-12-16,-0.002386764,0.006437934,0.007374465
2025-12-17,-0.011659857,0.006030579,0.00763067
2025-12-18,0.007902952,0.007959655,0.007771005
2025-12-19,0.008779407,0.008419044,0.006882426
2025-12-22,0.006415871,0.008745865,0.006727377
2025-12-23,0.004540067,0.008458729,0.005996759
2025-12-24,0.003216304,0.00230508,0.005749133
2025-12-26,-0.00030441,0.003417286,0.005598738
2025-12-29,-0.003498163,0.003966863,0.005574729
2025-12-30,-0.001376614,0.003311092,0.005428157
2025-12-31,-0.007384867,0.003925228,0.005691672
