Date,EFFR,EFFR_change,DGS2,DGS10,Yield_Spread
1/2/2020,1.55,,1.58,1.88,0.3
1/3/2020,1.55,0,1.53,1.8,0.27
1/6/2020,1.55,0,1.54,1.81,0.27
1/7/2020,1.55,0,1.54,1.83,0.29
1/8/2020,1.55,0,1.58,1.87,0.29
1/9/2020,1.55,0,1.58,1.85,0.27
1/10/2020,1.54,-0.01,1.56,1.83,0.27
1/13/2020,1.54,0,1.58,1.85,0.27
1/14/2020,1.54,0,1.58,1.82,0.24
1/15/2020,1.54,0,1.56,1.79,0.23
1/16/2020,1.54,0,1.58,1.81,0.23
1/17/2020,1.55,0.01,1.58,1.84,0.26
1/20/2020,1.55,0,1.58,1.84,0.26
1/21/2020,1.55,0,1.53,1.78,0.25
1/22/2020,1.55,0,1.53,1.77,0.24
1/23/2020,1.55,0,1.51,1.74,0.23
1/24/2020,1.55,0,1.49,1.7,0.21
1/27/2020,1.55,0,1.44,1.61,0.17
1/28/2020,1.55,0,1.45,1.65,0.2
1/29/2020,1.55,0,1.42,1.6,0.18
1/30/2020,1.6,0.05,1.41,1.57,0.16
1/31/2020,1.59,-0.01,1.33,1.51,0.18
2/3/2020,1.59,0,1.36,1.54,0.18
2/4/2020,1.59,0,1.41,1.61,0.2
2/5/2020,1.59,0,1.44,1.66,0.22
2/6/2020,1.59,0,1.44,1.65,0.21
2/7/2020,1.58,-0.01,1.41,1.59,0.18
2/10/2020,1.58,0,1.37,1.56,0.19
2/11/2020,1.58,0,1.41,1.59,0.18
2/12/2020,1.58,0,1.44,1.62,0.18
2/13/2020,1.58,0,1.44,1.61,0.17
2/14/2020,1.58,0,1.42,1.59,0.17
2/17/2020,1.58,0,1.42,1.59,0.17
2/18/2020,1.59,0.01,1.41,1.55,0.14
2/19/2020,1.59,0,1.42,1.56,0.14
2/20/2020,1.59,0,1.39,1.52,0.13
2/21/2020,1.58,-0.01,1.34,1.46,0.12
2/24/2020,1.58,0,1.26,1.38,0.12
2/25/2020,1.58,0,1.2,1.33,0.13
2/26/2020,1.58,0,1.16,1.33,0.17
2/27/2020,1.58,0,1.11,1.3,0.19
2/28/2020,1.58,0,0.86,1.13,0.27
3/2/2020,1.59,0.01,0.84,1.1,0.26
3/3/2020,1.59,0,0.71,1.02,0.31
3/4/2020,1.09,-0.5,0.67,1.02,0.35
3/5/2020,1.09,0,0.59,0.92,0.33
3/6/2020,1.09,0,0.49,0.74,0.25
3/9/2020,1.09,0,0.38,0.54,0.16
3/10/2020,1.09,0,0.5,0.76,0.26
3/11/2020,1.09,0,0.5,0.82,0.32
3/12/2020,1.1,0.01,0.5,0.88,0.38
3/13/2020,1.1,0,0.49,0.94,0.45
3/16/2020,0.25,-0.85,0.36,0.73,0.37
3/17/2020,0.25,0,0.47,1.02,0.55
3/18/2020,0.25,0,0.54,1.18,0.64
3/19/2020,0.2,-0.05,0.44,1.12,0.68
3/20/2020,0.15,-0.05,0.37,0.92,0.55
3/23/2020,0.15,0,0.28,0.76,0.48
3/24/2020,0.12,-0.03,0.38,0.84,0.46
3/25/2020,0.1,-0.02,0.34,0.88,0.54
3/26/2020,0.1,0,0.3,0.83,0.53
3/27/2020,0.1,0,0.25,0.72,0.47
3/30/2020,0.09,-0.01,0.23,0.7,0.47
3/31/2020,0.08,-0.01,0.23,0.7,0.47
4/1/2020,0.06,-0.02,0.23,0.62,0.39
4/2/2020,0.05,-0.01,0.23,0.63,0.4
4/3/2020,0.05,0,0.23,0.62,0.39
4/6/2020,0.05,0,0.27,0.67,0.4
4/7/2020,0.05,0,0.28,0.75,0.47
4/8/2020,0.05,0,0.27,0.77,0.5
4/9/2020,0.05,0,0.23,0.73,0.5
4/10/2020,0.05,0,0.23,0.73,0.5
4/13/2020,0.05,0,0.25,0.76,0.51
4/14/2020,0.05,0,0.23,0.76,0.53
4/15/2020,0.05,0,0.2,0.63,0.43
4/16/2020,0.05,0,0.2,0.61,0.41
4/17/2020,0.05,0,0.2,0.65,0.45
4/20/2020,0.05,0,0.2,0.63,0.43
4/21/2020,0.05,0,0.2,0.58,0.38
4/22/2020,0.05,0,0.22,0.63,0.41
4/23/2020,0.04,-0.01,0.22,0.61,0.39
4/24/2020,0.05,0.01,0.22,0.6,0.38
4/27/2020,0.04,-0.01,0.24,0.67,0.43
4/28/2020,0.04,0,0.2,0.62,0.42
4/29/2020,0.04,0,0.2,0.63,0.43
4/30/2020,0.05,0.01,0.2,0.64,0.44
5/1/2020,0.05,0,0.2,0.64,0.44
5/4/2020,0.05,0,0.19,0.64,0.45
5/5/2020,0.05,0,0.19,0.66,0.47
5/6/2020,0.05,0,0.17,0.72,0.55
5/7/2020,0.05,0,0.13,0.63,0.5
5/8/2020,0.05,0,0.16,0.69,0.53
5/11/2020,0.05,0,0.17,0.73,0.56
5/12/2020,0.05,0,0.17,0.69,0.52
5/13/2020,0.05,0,0.16,0.64,0.48
5/14/2020,0.05,0,0.16,0.63,0.47
5/15/2020,0.05,0,0.16,0.64,0.48
5/18/2020,0.05,0,0.18,0.73,0.55
5/19/2020,0.05,0,0.17,0.7,0.53
5/20/2020,0.05,0,0.16,0.68,0.52
5/21/2020,0.05,0,0.17,0.68,0.51
5/22/2020,0.05,0,0.17,0.66,0.49
5/25/2020,0.05,0,0.17,0.66,0.49
5/26/2020,0.05,0,0.18,0.69,0.51
5/27/2020,0.05,0,0.19,0.68,0.49
5/28/2020,0.05,0,0.17,0.7,0.53
5/29/2020,0.05,0,0.16,0.65,0.49
6/1/2020,0.05,0,0.14,0.66,0.52
6/2/2020,0.06,0.01,0.17,0.68,0.51
6/3/2020,0.06,0,0.19,0.77,0.58
6/4/2020,0.06,0,0.19,0.82,0.63
6/5/2020,0.07,0.01,0.22,0.91,0.69
6/8/2020,0.07,0,0.22,0.88,0.66
6/9/2020,0.07,0,0.2,0.84,0.64
6/10/2020,0.08,0.01,0.17,0.75,0.58
6/11/2020,0.08,0,0.19,0.66,0.47
6/12/2020,0.08,0,0.19,0.71,0.52
6/15/2020,0.09,0.01,0.19,0.71,0.52
6/16/2020,0.09,0,0.21,0.75,0.54
6/17/2020,0.09,0,0.19,0.74,0.55
6/18/2020,0.09,0,0.19,0.71,0.52
6/19/2020,0.09,0,0.19,0.7,0.51
6/22/2020,0.08,-0.01,0.19,0.71,0.52
6/23/2020,0.08,0,0.18,0.72,0.54
6/24/2020,0.08,0,0.19,0.69,0.5
6/25/2020,0.08,0,0.17,0.68,0.51
6/26/2020,0.08,0,0.17,0.64,0.47
6/29/2020,0.08,0,0.16,0.64,0.48
6/30/2020,0.08,0,0.16,0.66,0.5
7/1/2020,0.08,0,0.17,0.69,0.52
7/2/2020,0.09,0.01,0.16,0.68,0.52
7/3/2020,0.09,0,0.16,0.68,0.52
7/6/2020,0.09,0,0.16,0.69,0.53
7/7/2020,0.09,0,0.16,0.65,0.49
7/8/2020,0.09,0,0.16,0.67,0.51
7/9/2020,0.09,0,0.16,0.62,0.46
7/10/2020,0.09,0,0.16,0.65,0.49
7/13/2020,0.09,0,0.16,0.64,0.48
7/14/2020,0.09,0,0.14,0.63,0.49
7/15/2020,0.1,0.01,0.16,0.64,0.48
7/16/2020,0.1,0,0.16,0.62,0.46
7/17/2020,0.09,-0.01,0.14,0.64,0.5
7/20/2020,0.1,0.01,0.16,0.62,0.46
7/21/2020,0.1,0,0.14,0.61,0.47
7/22/2020,0.09,-0.01,0.14,0.6,0.46
7/23/2020,0.09,0,0.16,0.59,0.43
7/24/2020,0.09,0,0.14,0.59,0.45
7/27/2020,0.1,0.01,0.15,0.62,0.47
7/28/2020,0.1,0,0.14,0.59,0.45
7/29/2020,0.1,0,0.12,0.58,0.46
7/30/2020,0.1,0,0.11,0.55,0.44
7/31/2020,0.1,0,0.11,0.55,0.44
8/3/2020,0.1,0,0.11,0.56,0.45
8/4/2020,0.1,0,0.11,0.52,0.41
8/5/2020,0.1,0,0.11,0.55,0.44
8/6/2020,0.1,0,0.11,0.55,0.44
8/7/2020,0.1,0,0.13,0.57,0.44
8/10/2020,0.1,0,0.14,0.59,0.45
8/11/2020,0.1,0,0.16,0.64,0.48
8/12/2020,0.1,0,0.16,0.69,0.53
8/13/2020,0.1,0,0.16,0.71,0.55
8/14/2020,0.1,0,0.14,0.71,0.57
8/17/2020,0.1,0,0.14,0.69,0.55
8/18/2020,0.09,-0.01,0.14,0.67,0.53
8/19/2020,0.09,0,0.14,0.68,0.54
8/20/2020,0.09,0,0.13,0.65,0.52
8/21/2020,0.09,0,0.16,0.64,0.48
8/24/2020,0.09,0,0.14,0.65,0.51
8/25/2020,0.09,0,0.15,0.69,0.54
8/26/2020,0.09,0,0.16,0.69,0.53
8/27/2020,0.08,-0.01,0.16,0.74,0.58
8/28/2020,0.09,0.01,0.14,0.74,0.6
8/31/2020,0.09,0,0.14,0.72,0.58
9/1/2020,0.09,0,0.13,0.68,0.55
9/2/2020,0.09,0,0.14,0.66,0.52
9/3/2020,0.09,0,0.13,0.63,0.5
9/4/2020,0.09,0,0.14,0.72,0.58
9/7/2020,0.09,0,0.14,0.72,0.58
9/8/2020,0.09,0,0.14,0.69,0.55
9/9/2020,0.09,0,0.14,0.71,0.57
9/10/2020,0.09,0,0.14,0.68,0.54
9/11/2020,0.09,0,0.13,0.67,0.54
9/14/2020,0.09,0,0.14,0.68,0.54
9/15/2020,0.09,0,0.14,0.68,0.54
9/16/2020,0.09,0,0.14,0.69,0.55
9/17/2020,0.09,0,0.13,0.69,0.56
9/18/2020,0.09,0,0.14,0.7,0.56
9/21/2020,0.09,0,0.14,0.68,0.54
9/22/2020,0.09,0,0.13,0.68,0.55
9/23/2020,0.09,0,0.14,0.68,0.54
9/24/2020,0.09,0,0.14,0.67,0.53
9/25/2020,0.09,0,0.12,0.66,0.54
9/28/2020,0.09,0,0.14,0.67,0.53
9/29/2020,0.09,0,0.11,0.66,0.55
9/30/2020,0.09,0,0.13,0.69,0.56
10/1/2020,0.09,0,0.14,0.68,0.54
10/2/2020,0.09,0,0.13,0.7,0.57
10/5/2020,0.09,0,0.14,0.78,0.64
10/6/2020,0.09,0,0.14,0.76,0.62
10/7/2020,0.09,0,0.16,0.81,0.65
10/8/2020,0.09,0,0.13,0.78,0.65
10/9/2020,0.09,0,0.16,0.79,0.63
10/12/2020,0.09,0,0.16,0.79,0.63
10/13/2020,0.09,0,0.16,0.74,0.58
10/14/2020,0.09,0,0.14,0.73,0.59
10/15/2020,0.09,0,0.14,0.74,0.6
10/16/2020,0.09,0,0.14,0.76,0.62
10/19/2020,0.09,0,0.16,0.78,0.62
10/20/2020,0.09,0,0.14,0.81,0.67
10/21/2020,0.09,0,0.14,0.83,0.69
10/22/2020,0.09,0,0.16,0.87,0.71
10/23/2020,0.09,0,0.18,0.85,0.67
10/26/2020,0.09,0,0.16,0.81,0.65
10/27/2020,0.09,0,0.16,0.79,0.63
10/28/2020,0.09,0,0.16,0.79,0.63
10/29/2020,0.09,0,0.16,0.85,0.69
10/30/2020,0.09,0,0.14,0.88,0.74
11/2/2020,0.09,0,0.16,0.87,0.71
11/3/2020,0.09,0,0.17,0.9,0.73
11/4/2020,0.09,0,0.14,0.78,0.64
11/5/2020,0.09,0,0.14,0.79,0.65
11/6/2020,0.09,0,0.16,0.83,0.67
11/9/2020,0.09,0,0.17,0.96,0.79
11/10/2020,0.09,0,0.19,0.98,0.79
11/11/2020,0.09,0,0.19,0.98,0.79
11/12/2020,0.09,0,0.17,0.88,0.71
11/13/2020,0.09,0,0.17,0.89,0.72
11/16/2020,0.09,0,0.19,0.91,0.72
11/17/2020,0.09,0,0.18,0.87,0.69
11/18/2020,0.09,0,0.16,0.88,0.72
11/19/2020,0.08,-0.01,0.18,0.86,0.68
11/20/2020,0.08,0,0.16,0.83,0.67
11/23/2020,0.08,0,0.16,0.86,0.7
11/24/2020,0.08,0,0.16,0.88,0.72
11/25/2020,0.08,0,0.17,0.88,0.71
11/26/2020,0.08,0,0.17,0.88,0.71
11/27/2020,0.08,0,0.16,0.84,0.68
11/30/2020,0.09,0.01,0.16,0.84,0.68
12/1/2020,0.09,0,0.17,0.92,0.75
12/2/2020,0.09,0,0.16,0.95,0.79
12/3/2020,0.09,0,0.16,0.92,0.76
12/4/2020,0.09,0,0.16,0.97,0.81
12/7/2020,0.09,0,0.14,0.94,0.8
12/8/2020,0.09,0,0.14,0.92,0.78
12/9/2020,0.09,0,0.16,0.95,0.79
12/10/2020,0.09,0,0.14,0.92,0.78
12/11/2020,0.09,0,0.11,0.9,0.79
12/14/2020,0.09,0,0.13,0.9,0.77
12/15/2020,0.09,0,0.11,0.92,0.81
12/16/2020,0.09,0,0.13,0.92,0.79
12/17/2020,0.09,0,0.13,0.94,0.81
12/18/2020,0.09,0,0.13,0.95,0.82
12/21/2020,0.09,0,0.13,0.95,0.82
12/22/2020,0.09,0,0.13,0.93,0.8
12/23/2020,0.09,0,0.13,0.96,0.83
12/24/2020,0.09,0,0.13,0.94,0.81
12/25/2020,0.09,0,0.13,0.94,0.81
12/28/2020,0.09,0,0.13,0.94,0.81
12/29/2020,0.09,0,0.12,0.94,0.82
12/30/2020,0.09,0,0.12,0.93,0.81
12/31/2020,0.09,0,0.13,0.93,0.8
1/1/2021,0.09,0,0.13,0.93,0.8
1/4/2021,0.09,0,0.11,0.93,0.82
1/5/2021,0.09,0,0.13,0.96,0.83
1/6/2021,0.09,0,0.14,1.04,0.9
1/7/2021,0.09,0,0.14,1.08,0.94
1/8/2021,0.09,0,0.14,1.13,0.99
1/11/2021,0.09,0,0.14,1.15,1.01
1/12/2021,0.09,0,0.14,1.15,1.01
1/13/2021,0.09,0,0.14,1.1,0.96
1/14/2021,0.09,0,0.16,1.15,0.99
1/15/2021,0.09,0,0.13,1.11,0.98
1/18/2021,0.09,0,0.13,1.11,0.98
1/19/2021,0.09,0,0.14,1.1,0.96
1/20/2021,0.09,0,0.13,1.1,0.97
1/21/2021,0.08,-0.01,0.13,1.12,0.99
1/22/2021,0.08,0,0.13,1.1,0.97
1/25/2021,0.08,0,0.13,1.05,0.92
1/26/2021,0.08,0,0.11,1.05,0.94
1/27/2021,0.08,0,0.12,1.04,0.92
1/28/2021,0.07,-0.01,0.12,1.07,0.95
1/29/2021,0.07,0,0.11,1.11,1
2/1/2021,0.08,0.01,0.11,1.09,0.98
2/2/2021,0.08,0,0.11,1.12,1.01
2/3/2021,0.08,0,0.11,1.15,1.04
2/4/2021,0.08,0,0.11,1.15,1.04
2/5/2021,0.08,0,0.09,1.19,1.1
2/8/2021,0.07,-0.01,0.11,1.19,1.08
2/9/2021,0.08,0.01,0.11,1.18,1.07
2/10/2021,0.08,0,0.11,1.15,1.04
2/11/2021,0.08,0,0.11,1.16,1.05
2/12/2021,0.08,0,0.11,1.2,1.09
2/15/2021,0.08,0,0.11,1.2,1.09
2/16/2021,0.08,0,0.13,1.3,1.17
2/17/2021,0.08,0,0.11,1.29,1.18
2/18/2021,0.07,-0.01,0.11,1.29,1.18
2/19/2021,0.07,0,0.11,1.34,1.23
2/22/2021,0.07,0,0.11,1.37,1.26
2/23/2021,0.07,0,0.11,1.37,1.26
2/24/2021,0.07,0,0.12,1.38,1.26
2/25/2021,0.07,0,0.17,1.54,1.37
2/26/2021,0.07,0,0.14,1.44,1.3
3/1/2021,0.07,0,0.13,1.45,1.32
3/2/2021,0.07,0,0.13,1.42,1.29
3/3/2021,0.07,0,0.14,1.47,1.33
3/4/2021,0.07,0,0.14,1.54,1.4
3/5/2021,0.07,0,0.14,1.56,1.42
3/8/2021,0.07,0,0.17,1.59,1.42
3/9/2021,0.07,0,0.17,1.55,1.38
3/10/2021,0.07,0,0.16,1.53,1.37
3/11/2021,0.07,0,0.14,1.54,1.4
3/12/2021,0.07,0,0.14,1.64,1.5
3/15/2021,0.07,0,0.14,1.62,1.48
3/16/2021,0.07,0,0.15,1.62,1.47
3/17/2021,0.07,0,0.13,1.63,1.5
3/18/2021,0.07,0,0.16,1.71,1.55
3/19/2021,0.07,0,0.16,1.74,1.58
3/22/2021,0.07,0,0.15,1.69,1.54
3/23/2021,0.07,0,0.15,1.63,1.48
3/24/2021,0.07,0,0.14,1.62,1.48
3/25/2021,0.07,0,0.14,1.63,1.49
3/26/2021,0.07,0,0.14,1.67,1.53
3/29/2021,0.07,0,0.14,1.73,1.59
3/30/2021,0.07,0,0.16,1.73,1.57
3/31/2021,0.06,-0.01,0.16,1.74,1.58
4/1/2021,0.07,0.01,0.17,1.69,1.52
4/2/2021,0.07,0,0.19,1.72,1.53
4/5/2021,0.07,0,0.17,1.73,1.56
4/6/2021,0.07,0,0.16,1.67,1.51
4/7/2021,0.07,0,0.16,1.68,1.52
4/8/2021,0.07,0,0.14,1.64,1.5
4/9/2021,0.07,0,0.16,1.67,1.51
4/12/2021,0.07,0,0.18,1.69,1.51
4/13/2021,0.07,0,0.16,1.64,1.48
4/14/2021,0.07,0,0.16,1.64,1.48
4/15/2021,0.07,0,0.16,1.56,1.4
4/16/2021,0.07,0,0.16,1.59,1.43
4/19/2021,0.07,0,0.16,1.61,1.45
4/20/2021,0.07,0,0.15,1.58,1.43
4/21/2021,0.07,0,0.15,1.57,1.42
4/22/2021,0.07,0,0.16,1.57,1.41
4/23/2021,0.07,0,0.16,1.58,1.42
4/26/2021,0.07,0,0.18,1.58,1.4
4/27/2021,0.07,0,0.17,1.63,1.46
4/28/2021,0.07,0,0.17,1.63,1.46
4/29/2021,0.06,-0.01,0.16,1.65,1.49
4/30/2021,0.05,-0.01,0.16,1.65,1.49
5/3/2021,0.06,0.01,0.16,1.63,1.47
5/4/2021,0.06,0,0.16,1.61,1.45
5/5/2021,0.06,0,0.16,1.59,1.43
5/6/2021,0.06,0,0.16,1.58,1.42
5/7/2021,0.06,0,0.14,1.6,1.46
5/10/2021,0.06,0,0.16,1.63,1.47
5/11/2021,0.06,0,0.16,1.64,1.48
5/12/2021,0.06,0,0.16,1.69,1.53
5/13/2021,0.06,0,0.16,1.66,1.5
5/14/2021,0.06,0,0.16,1.63,1.47
5/17/2021,0.06,0,0.16,1.64,1.48
5/18/2021,0.06,0,0.16,1.64,1.48
5/19/2021,0.06,0,0.16,1.68,1.52
5/20/2021,0.06,0,0.15,1.63,1.48
5/21/2021,0.06,0,0.17,1.63,1.46
5/24/2021,0.06,0,0.15,1.61,1.46
5/25/2021,0.06,0,0.15,1.56,1.41
5/26/2021,0.06,0,0.14,1.58,1.44
5/27/2021,0.06,0,0.14,1.61,1.47
5/28/2021,0.05,-0.01,0.14,1.58,1.44
5/31/2021,0.05,0,0.14,1.58,1.44
6/1/2021,0.06,0.01,0.16,1.62,1.46
6/2/2021,0.06,0,0.13,1.59,1.46
6/3/2021,0.06,0,0.16,1.63,1.47
6/4/2021,0.06,0,0.14,1.56,1.42
6/7/2021,0.06,0,0.16,1.57,1.41
6/8/2021,0.06,0,0.14,1.53,1.39
6/9/2021,0.06,0,0.16,1.5,1.34
6/10/2021,0.06,0,0.14,1.45,1.31
6/11/2021,0.06,0,0.16,1.47,1.31
6/14/2021,0.06,0,0.16,1.51,1.35
6/15/2021,0.06,0,0.16,1.51,1.35
6/16/2021,0.06,0,0.21,1.57,1.36
6/17/2021,0.1,0.04,0.23,1.52,1.29
6/18/2021,0.1,0,0.26,1.45,1.19
6/21/2021,0.1,0,0.27,1.5,1.23
6/22/2021,0.1,0,0.25,1.48,1.23
6/23/2021,0.1,0,0.26,1.5,1.24
6/24/2021,0.1,0,0.26,1.49,1.23
6/25/2021,0.1,0,0.28,1.54,1.26
6/28/2021,0.1,0,0.25,1.49,1.24
6/29/2021,0.1,0,0.27,1.49,1.22
6/30/2021,0.08,-0.02,0.25,1.45,1.2
7/1/2021,0.1,0.02,0.25,1.48,1.23
7/2/2021,0.1,0,0.24,1.44,1.2
7/5/2021,0.1,0,0.24,1.44,1.2
7/6/2021,0.1,0,0.22,1.37,1.15
7/7/2021,0.1,0,0.22,1.33,1.11
7/8/2021,0.1,0,0.19,1.3,1.11
7/9/2021,0.1,0,0.23,1.37,1.14
7/12/2021,0.1,0,0.23,1.38,1.15
7/13/2021,0.1,0,0.26,1.42,1.16
7/14/2021,0.1,0,0.23,1.37,1.14
7/15/2021,0.1,0,0.23,1.31,1.08
7/16/2021,0.1,0,0.25,1.31,1.06
7/19/2021,0.1,0,0.21,1.19,0.98
7/20/2021,0.1,0,0.2,1.23,1.03
7/21/2021,0.1,0,0.22,1.3,1.08
7/22/2021,0.1,0,0.2,1.27,1.07
7/23/2021,0.1,0,0.22,1.3,1.08
7/26/2021,0.1,0,0.22,1.29,1.07
7/27/2021,0.1,0,0.2,1.25,1.05
7/28/2021,0.1,0,0.2,1.26,1.06
7/29/2021,0.1,0,0.2,1.28,1.08
7/30/2021,0.07,-0.03,0.19,1.24,1.05
8/2/2021,0.1,0.03,0.17,1.2,1.03
8/3/2021,0.1,0,0.17,1.19,1.02
8/4/2021,0.1,0,0.17,1.19,1.02
8/5/2021,0.1,0,0.21,1.23,1.02
8/6/2021,0.1,0,0.21,1.31,1.1
8/9/2021,0.1,0,0.23,1.33,1.1
8/10/2021,0.1,0,0.24,1.36,1.12
8/11/2021,0.1,0,0.23,1.35,1.12
8/12/2021,0.1,0,0.23,1.36,1.13
8/13/2021,0.1,0,0.23,1.29,1.06
8/16/2021,0.1,0,0.21,1.26,1.05
8/17/2021,0.1,0,0.23,1.26,1.03
8/18/2021,0.09,-0.01,0.23,1.27,1.04
8/19/2021,0.09,0,0.22,1.24,1.02
8/20/2021,0.09,0,0.23,1.26,1.03
8/23/2021,0.09,0,0.23,1.25,1.02
8/24/2021,0.09,0,0.24,1.29,1.05
8/25/2021,0.09,0,0.23,1.35,1.12
8/26/2021,0.09,0,0.25,1.34,1.09
8/27/2021,0.08,-0.01,0.22,1.31,1.09
8/30/2021,0.08,0,0.2,1.29,1.09
8/31/2021,0.06,-0.02,0.2,1.3,1.1
9/1/2021,0.08,0.02,0.2,1.31,1.11
9/2/2021,0.08,0,0.2,1.29,1.09
9/3/2021,0.08,0,0.21,1.33,1.12
9/6/2021,0.08,0,0.21,1.33,1.12
9/7/2021,0.08,0,0.22,1.38,1.16
9/8/2021,0.08,0,0.22,1.35,1.13
9/9/2021,0.08,0,0.23,1.3,1.07
9/10/2021,0.08,0,0.23,1.35,1.12
9/13/2021,0.08,0,0.21,1.33,1.12
9/14/2021,0.08,0,0.21,1.28,1.07
9/15/2021,0.08,0,0.21,1.31,1.1
9/16/2021,0.08,0,0.23,1.34,1.11
9/17/2021,0.08,0,0.23,1.37,1.14
9/20/2021,0.08,0,0.23,1.31,1.08
9/21/2021,0.08,0,0.22,1.33,1.11
9/22/2021,0.08,0,0.25,1.32,1.07
9/23/2021,0.08,0,0.27,1.41,1.14
9/24/2021,0.08,0,0.29,1.47,1.18
9/27/2021,0.08,0,0.31,1.48,1.17
9/28/2021,0.08,0,0.31,1.54,1.23
9/29/2021,0.08,0,0.3,1.55,1.25
9/30/2021,0.06,-0.02,0.28,1.52,1.24
10/1/2021,0.08,0.02,0.27,1.48,1.21
10/4/2021,0.08,0,0.27,1.49,1.22
10/5/2021,0.08,0,0.28,1.54,1.26
10/6/2021,0.08,0,0.3,1.53,1.23
10/7/2021,0.08,0,0.32,1.58,1.26
10/8/2021,0.08,0,0.32,1.61,1.29
10/11/2021,0.08,0,0.32,1.61,1.29
10/12/2021,0.08,0,0.35,1.59,1.24
10/13/2021,0.08,0,0.37,1.56,1.19
10/14/2021,0.08,0,0.36,1.52,1.16
10/15/2021,0.08,0,0.41,1.59,1.18
10/18/2021,0.08,0,0.44,1.59,1.15
10/19/2021,0.08,0,0.41,1.65,1.24
10/20/2021,0.08,0,0.4,1.65,1.25
10/21/2021,0.08,0,0.45,1.68,1.23
10/22/2021,0.08,0,0.48,1.66,1.18
10/25/2021,0.08,0,0.47,1.64,1.17
10/26/2021,0.08,0,0.47,1.63,1.16
10/27/2021,0.08,0,0.5,1.54,1.04
10/28/2021,0.08,0,0.5,1.57,1.07
10/29/2021,0.07,-0.01,0.48,1.55,1.07
11/1/2021,0.08,0.01,0.5,1.58,1.08
11/2/2021,0.08,0,0.46,1.56,1.1
11/3/2021,0.08,0,0.47,1.6,1.13
11/4/2021,0.08,0,0.41,1.53,1.12
11/5/2021,0.08,0,0.39,1.45,1.06
11/8/2021,0.08,0,0.45,1.51,1.06
11/9/2021,0.08,0,0.41,1.46,1.05
11/10/2021,0.08,0,0.51,1.56,1.05
11/11/2021,0.08,0,0.51,1.56,1.05
11/12/2021,0.08,0,0.53,1.58,1.05
11/15/2021,0.08,0,0.53,1.63,1.1
11/16/2021,0.08,0,0.54,1.63,1.09
11/17/2021,0.08,0,0.52,1.6,1.08
11/18/2021,0.08,0,0.52,1.59,1.07
11/19/2021,0.08,0,0.52,1.54,1.02
11/22/2021,0.08,0,0.63,1.63,1
11/23/2021,0.08,0,0.6,1.67,1.07
11/24/2021,0.08,0,0.64,1.64,1
11/25/2021,0.08,0,0.64,1.64,1
11/26/2021,0.08,0,0.5,1.48,0.98
11/29/2021,0.08,0,0.51,1.52,1.01
11/30/2021,0.07,-0.01,0.52,1.43,0.91
12/1/2021,0.08,0.01,0.56,1.43,0.87
12/2/2021,0.08,0,0.63,1.44,0.81
12/3/2021,0.08,0,0.6,1.35,0.75
12/6/2021,0.08,0,0.65,1.43,0.78
12/7/2021,0.08,0,0.7,1.48,0.78
12/8/2021,0.08,0,0.68,1.52,0.84
12/9/2021,0.08,0,0.7,1.49,0.79
12/10/2021,0.08,0,0.67,1.48,0.81
12/13/2021,0.08,0,0.66,1.42,0.76
12/14/2021,0.08,0,0.67,1.44,0.77
12/15/2021,0.08,0,0.69,1.47,0.78
12/16/2021,0.08,0,0.64,1.44,0.8
12/17/2021,0.08,0,0.66,1.41,0.75
12/20/2021,0.08,0,0.65,1.43,0.78
12/21/2021,0.08,0,0.7,1.48,0.78
12/22/2021,0.08,0,0.68,1.46,0.78
12/23/2021,0.08,0,0.71,1.5,0.79
12/24/2021,0.08,0,0.71,1.5,0.79
12/27/2021,0.08,0,0.76,1.48,0.72
12/28/2021,0.08,0,0.74,1.49,0.75
12/29/2021,0.08,0,0.75,1.55,0.8
12/30/2021,0.08,0,0.73,1.52,0.79
12/31/2021,0.07,-0.01,0.73,1.52,0.79
1/3/2022,0.08,0.01,0.78,1.63,0.85
1/4/2022,0.08,0,0.77,1.66,0.89
1/5/2022,0.08,0,0.83,1.71,0.88
1/6/2022,0.08,0,0.88,1.73,0.85
1/7/2022,0.08,0,0.87,1.76,0.89
1/10/2022,0.08,0,0.92,1.78,0.86
1/11/2022,0.08,0,0.9,1.75,0.85
1/12/2022,0.08,0,0.92,1.74,0.82
1/13/2022,0.08,0,0.91,1.7,0.79
1/14/2022,0.08,0,0.99,1.78,0.79
1/17/2022,0.08,0,0.99,1.78,0.79
1/18/2022,0.08,0,1.06,1.87,0.81
1/19/2022,0.08,0,1.04,1.83,0.79
1/20/2022,0.08,0,1.08,1.83,0.75
1/21/2022,0.08,0,1.01,1.75,0.74
1/24/2022,0.08,0,0.99,1.75,0.76
1/25/2022,0.08,0,1.02,1.78,0.76
1/26/2022,0.08,0,1.13,1.85,0.72
1/27/2022,0.08,0,1.18,1.81,0.63
1/28/2022,0.08,0,1.15,1.78,0.63
1/31/2022,0.08,0,1.18,1.79,0.61
2/1/2022,0.08,0,1.18,1.81,0.63
2/2/2022,0.08,0,1.16,1.78,0.62
2/3/2022,0.08,0,1.19,1.82,0.63
2/4/2022,0.08,0,1.31,1.93,0.62
2/7/2022,0.08,0,1.3,1.92,0.62
2/8/2022,0.08,0,1.35,1.96,0.61
2/9/2022,0.08,0,1.36,1.94,0.58
2/10/2022,0.08,0,1.61,2.03,0.42
2/11/2022,0.08,0,1.5,1.92,0.42
2/14/2022,0.08,0,1.58,1.98,0.4
2/15/2022,0.08,0,1.58,2.05,0.47
2/16/2022,0.08,0,1.52,2.03,0.51
2/17/2022,0.08,0,1.49,1.97,0.48
2/18/2022,0.08,0,1.47,1.92,0.45
2/21/2022,0.08,0,1.47,1.92,0.45
2/22/2022,0.08,0,1.56,1.94,0.38
2/23/2022,0.08,0,1.58,1.99,0.41
2/24/2022,0.08,0,1.54,1.96,0.42
2/25/2022,0.08,0,1.55,1.97,0.42
2/28/2022,0.08,0,1.44,1.83,0.39
3/1/2022,0.08,0,1.31,1.72,0.41
3/2/2022,0.08,0,1.5,1.86,0.36
3/3/2022,0.08,0,1.53,1.86,0.33
3/4/2022,0.08,0,1.5,1.74,0.24
3/7/2022,0.08,0,1.55,1.78,0.23
3/8/2022,0.08,0,1.63,1.86,0.23
3/9/2022,0.08,0,1.68,1.94,0.26
3/10/2022,0.08,0,1.72,1.98,0.26
3/11/2022,0.08,0,1.75,2,0.25
3/14/2022,0.08,0,1.87,2.14,0.27
3/15/2022,0.08,0,1.85,2.15,0.3
3/16/2022,0.08,0,1.95,2.19,0.24
3/17/2022,0.33,0.25,1.94,2.2,0.26
3/18/2022,0.33,0,1.97,2.14,0.17
3/21/2022,0.33,0,2.14,2.32,0.18
3/22/2022,0.33,0,2.18,2.38,0.2
3/23/2022,0.33,0,2.13,2.32,0.19
3/24/2022,0.33,0,2.13,2.34,0.21
3/25/2022,0.33,0,2.3,2.48,0.18
3/28/2022,0.33,0,2.35,2.46,0.11
3/29/2022,0.33,0,2.35,2.41,0.06
3/30/2022,0.33,0,2.31,2.35,0.04
3/31/2022,0.33,0,2.28,2.32,0.04
4/1/2022,0.33,0,2.44,2.39,-0.05
4/4/2022,0.33,0,2.43,2.42,-0.01
4/5/2022,0.33,0,2.51,2.54,0.03
4/6/2022,0.33,0,2.5,2.61,0.11
4/7/2022,0.33,0,2.47,2.66,0.19
4/8/2022,0.33,0,2.53,2.72,0.19
4/11/2022,0.33,0,2.5,2.79,0.29
4/12/2022,0.33,0,2.39,2.72,0.33
4/13/2022,0.33,0,2.37,2.7,0.33
4/14/2022,0.33,0,2.47,2.83,0.36
4/15/2022,0.33,0,2.47,2.83,0.36
4/18/2022,0.33,0,2.46,2.85,0.39
4/19/2022,0.33,0,2.61,2.93,0.32
4/20/2022,0.33,0,2.6,2.85,0.25
4/21/2022,0.33,0,2.68,2.9,0.22
4/22/2022,0.33,0,2.72,2.9,0.18
4/25/2022,0.33,0,2.63,2.81,0.18
4/26/2022,0.33,0,2.54,2.77,0.23
4/27/2022,0.33,0,2.58,2.82,0.24
4/28/2022,0.33,0,2.63,2.85,0.22
4/29/2022,0.33,0,2.7,2.89,0.19
5/2/2022,0.33,0,2.73,2.99,0.26
5/3/2022,0.33,0,2.78,2.97,0.19
5/4/2022,0.33,0,2.66,2.93,0.27
5/5/2022,0.83,0.5,2.71,3.05,0.34
5/6/2022,0.83,0,2.72,3.12,0.4
5/9/2022,0.83,0,2.61,3.05,0.44
5/10/2022,0.83,0,2.62,2.99,0.37
5/11/2022,0.83,0,2.66,2.91,0.25
5/12/2022,0.83,0,2.56,2.84,0.28
5/13/2022,0.83,0,2.61,2.93,0.32
5/16/2022,0.83,0,2.58,2.88,0.3
5/17/2022,0.83,0,2.71,2.98,0.27
5/18/2022,0.83,0,2.68,2.89,0.21
5/19/2022,0.83,0,2.63,2.84,0.21
5/20/2022,0.83,0,2.6,2.78,0.18
5/23/2022,0.83,0,2.65,2.86,0.21
5/24/2022,0.83,0,2.5,2.76,0.26
5/25/2022,0.83,0,2.48,2.75,0.27
5/26/2022,0.83,0,2.46,2.75,0.29
5/27/2022,0.83,0,2.47,2.74,0.27
5/30/2022,0.83,0,2.47,2.74,0.27
5/31/2022,0.83,0,2.53,2.85,0.32
6/1/2022,0.83,0,2.66,2.94,0.28
6/2/2022,0.83,0,2.65,2.92,0.27
6/3/2022,0.83,0,2.66,2.96,0.3
6/6/2022,0.83,0,2.73,3.04,0.31
6/7/2022,0.83,0,2.75,2.98,0.23
6/8/2022,0.83,0,2.78,3.03,0.25
6/9/2022,0.83,0,2.83,3.04,0.21
6/10/2022,0.83,0,3.06,3.15,0.09
6/13/2022,0.83,0,3.4,3.43,0.03
6/14/2022,0.83,0,3.45,3.49,0.04
6/15/2022,0.83,0,3.2,3.33,0.13
6/16/2022,1.58,0.75,3.14,3.28,0.14
6/17/2022,1.58,0,3.17,3.25,0.08
6/20/2022,1.58,0,3.17,3.25,0.08
6/21/2022,1.58,0,3.21,3.31,0.1
6/22/2022,1.58,0,3.06,3.16,0.1
6/23/2022,1.58,0,3.01,3.09,0.08
6/24/2022,1.58,0,3.04,3.13,0.09
6/27/2022,1.58,0,3.08,3.2,0.12
6/28/2022,1.58,0,3.1,3.2,0.1
6/29/2022,1.58,0,3.06,3.1,0.04
6/30/2022,1.58,0,2.92,2.98,0.06
7/1/2022,1.58,0,2.84,2.88,0.04
7/4/2022,1.58,0,2.84,2.88,0.04
7/5/2022,1.58,0,2.82,2.82,0
7/6/2022,1.58,0,2.97,2.93,-0.04
7/7/2022,1.58,0,3.03,3.01,-0.02
7/8/2022,1.58,0,3.12,3.09,-0.03
7/11/2022,1.58,0,3.07,2.99,-0.08
7/12/2022,1.58,0,3.03,2.96,-0.07
7/13/2022,1.58,0,3.13,2.91,-0.22
7/14/2022,1.58,0,3.15,2.96,-0.19
7/15/2022,1.58,0,3.13,2.93,-0.2
7/18/2022,1.58,0,3.15,2.96,-0.19
7/19/2022,1.58,0,3.23,3.01,-0.22
7/20/2022,1.58,0,3.25,3.04,-0.21
7/21/2022,1.58,0,3.1,2.91,-0.19
7/22/2022,1.58,0,2.98,2.77,-0.21
7/25/2022,1.58,0,3,2.81,-0.19
7/26/2022,1.58,0,3.02,2.81,-0.21
7/27/2022,1.58,0,2.96,2.78,-0.18
7/28/2022,2.33,0.75,2.85,2.68,-0.17
7/29/2022,2.32,-0.01,2.89,2.67,-0.22
8/1/2022,2.33,0.01,2.9,2.6,-0.3
8/2/2022,2.33,0,3.06,2.75,-0.31
8/3/2022,2.33,0,3.1,2.73,-0.37
8/4/2022,2.33,0,3.03,2.68,-0.35
8/5/2022,2.33,0,3.24,2.83,-0.41
8/8/2022,2.33,0,3.21,2.77,-0.44
8/9/2022,2.33,0,3.28,2.8,-0.48
8/10/2022,2.33,0,3.23,2.78,-0.45
8/11/2022,2.33,0,3.23,2.87,-0.36
8/12/2022,2.33,0,3.25,2.84,-0.41
8/15/2022,2.33,0,3.2,2.79,-0.41
8/16/2022,2.33,0,3.25,2.82,-0.43
8/17/2022,2.33,0,3.28,2.89,-0.39
8/18/2022,2.33,0,3.22,2.88,-0.34
8/19/2022,2.33,0,3.25,2.98,-0.27
8/22/2022,2.33,0,3.32,3.03,-0.29
8/23/2022,2.33,0,3.29,3.05,-0.24
8/24/2022,2.33,0,3.36,3.11,-0.25
8/25/2022,2.33,0,3.35,3.03,-0.32
8/26/2022,2.33,0,3.37,3.04,-0.33
8/29/2022,2.33,0,3.42,3.12,-0.3
8/30/2022,2.33,0,3.46,3.11,-0.35
8/31/2022,2.33,0,3.45,3.15,-0.3
9/1/2022,2.33,0,3.51,3.26,-0.25
9/2/2022,2.33,0,3.4,3.2,-0.2
9/5/2022,2.33,0,3.4,3.2,-0.2
9/6/2022,2.33,0,3.5,3.33,-0.17
9/7/2022,2.33,0,3.45,3.27,-0.18
9/8/2022,2.33,0,3.48,3.29,-0.19
9/9/2022,2.33,0,3.56,3.33,-0.23
9/12/2022,2.33,0,3.58,3.37,-0.21
9/13/2022,2.33,0,3.75,3.42,-0.33
9/14/2022,2.33,0,3.78,3.41,-0.37
9/15/2022,2.33,0,3.87,3.45,-0.42
9/16/2022,2.33,0,3.85,3.45,-0.4
9/19/2022,2.33,0,3.95,3.49,-0.46
9/20/2022,2.33,0,3.96,3.57,-0.39
9/21/2022,2.33,0,4.02,3.51,-0.51
9/22/2022,3.08,0.75,4.11,3.7,-0.41
9/23/2022,3.08,0,4.2,3.69,-0.51
9/26/2022,3.08,0,4.27,3.88,-0.39
9/27/2022,3.08,0,4.3,3.97,-0.33
9/28/2022,3.08,0,4.07,3.72,-0.35
9/29/2022,3.08,0,4.16,3.76,-0.4
9/30/2022,3.08,0,4.22,3.83,-0.39
10/3/2022,3.08,0,4.12,3.67,-0.45
10/4/2022,3.08,0,4.1,3.62,-0.48
10/5/2022,3.08,0,4.15,3.76,-0.39
10/6/2022,3.08,0,4.23,3.83,-0.4
10/7/2022,3.08,0,4.3,3.89,-0.41
10/10/2022,3.08,0,4.3,3.89,-0.41
10/11/2022,3.08,0,4.3,3.93,-0.37
10/12/2022,3.08,0,4.28,3.91,-0.37
10/13/2022,3.08,0,4.47,3.97,-0.5
10/14/2022,3.08,0,4.48,4,-0.48
10/17/2022,3.08,0,4.45,4.02,-0.43
10/18/2022,3.08,0,4.43,4.01,-0.42
10/19/2022,3.08,0,4.55,4.14,-0.41
10/20/2022,3.08,0,4.62,4.24,-0.38
10/21/2022,3.08,0,4.49,4.21,-0.28
10/24/2022,3.08,0,4.5,4.25,-0.25
10/25/2022,3.08,0,4.42,4.1,-0.32
10/26/2022,3.08,0,4.39,4.04,-0.35
10/27/2022,3.08,0,4.3,3.96,-0.34
10/28/2022,3.08,0,4.41,4.02,-0.39
10/31/2022,3.08,0,4.51,4.1,-0.41
11/1/2022,3.08,0,4.54,4.07,-0.47
11/2/2022,3.08,0,4.61,4.1,-0.51
11/3/2022,3.83,0.75,4.71,4.14,-0.57
11/4/2022,3.83,0,4.66,4.17,-0.49
11/7/2022,3.83,0,4.72,4.22,-0.5
11/8/2022,3.83,0,4.67,4.14,-0.53
11/9/2022,3.83,0,4.61,4.12,-0.49
11/10/2022,3.83,0,4.34,3.82,-0.52
11/11/2022,3.83,0,4.34,3.82,-0.52
11/14/2022,3.83,0,4.4,3.88,-0.52
11/15/2022,3.83,0,4.37,3.8,-0.57
11/16/2022,3.83,0,4.35,3.67,-0.68
11/17/2022,3.83,0,4.43,3.77,-0.66
11/18/2022,3.83,0,4.51,3.82,-0.69
11/21/2022,3.83,0,4.48,3.83,-0.65
11/22/2022,3.83,0,4.47,3.76,-0.71
11/23/2022,3.83,0,4.46,3.71,-0.75
11/24/2022,3.83,0,4.46,3.71,-0.75
11/25/2022,3.83,0,4.42,3.68,-0.74
11/28/2022,3.83,0,4.46,3.69,-0.77
11/29/2022,3.83,0,4.48,3.75,-0.73
11/30/2022,3.83,0,4.38,3.68,-0.7
12/1/2022,3.83,0,4.25,3.53,-0.72
12/2/2022,3.83,0,4.28,3.51,-0.77
12/5/2022,3.83,0,4.41,3.6,-0.81
12/6/2022,3.83,0,4.34,3.51,-0.83
12/7/2022,3.83,0,4.26,3.42,-0.84
12/8/2022,3.83,0,4.31,3.48,-0.83
12/9/2022,3.83,0,4.33,3.57,-0.76
12/12/2022,3.83,0,4.39,3.61,-0.78
12/13/2022,3.83,0,4.22,3.51,-0.71
12/14/2022,3.83,0,4.23,3.49,-0.74
12/15/2022,4.33,0.5,4.23,3.44,-0.79
12/16/2022,4.33,0,4.17,3.48,-0.69
12/19/2022,4.33,0,4.25,3.57,-0.68
12/20/2022,4.33,0,4.25,3.69,-0.56
12/21/2022,4.33,0,4.21,3.68,-0.53
12/22/2022,4.33,0,4.24,3.67,-0.57
12/23/2022,4.33,0,4.31,3.75,-0.56
12/26/2022,4.33,0,4.31,3.75,-0.56
12/27/2022,4.33,0,4.32,3.84,-0.48
12/28/2022,4.33,0,4.31,3.88,-0.43
12/29/2022,4.33,0,4.34,3.83,-0.51
12/30/2022,4.33,0,4.41,3.88,-0.53
1/2/2023,4.33,0,4.41,3.88,-0.53
1/3/2023,4.33,0,4.4,3.79,-0.61
1/4/2023,4.33,0,4.36,3.69,-0.67
1/5/2023,4.33,0,4.45,3.71,-0.74
1/6/2023,4.33,0,4.24,3.55,-0.69
1/9/2023,4.33,0,4.19,3.53,-0.66
1/10/2023,4.33,0,4.24,3.61,-0.63
1/11/2023,4.33,0,4.2,3.54,-0.66
1/12/2023,4.33,0,4.12,3.43,-0.69
1/13/2023,4.33,0,4.22,3.49,-0.73
1/16/2023,4.33,0,4.22,3.49,-0.73
1/17/2023,4.33,0,4.18,3.53,-0.65
1/18/2023,4.33,0,4.06,3.37,-0.69
1/19/2023,4.33,0,4.09,3.39,-0.7
1/20/2023,4.33,0,4.14,3.48,-0.66
1/23/2023,4.33,0,4.21,3.52,-0.69
1/24/2023,4.33,0,4.12,3.46,-0.66
1/25/2023,4.33,0,4.11,3.46,-0.65
1/26/2023,4.33,0,4.17,3.49,-0.68
1/27/2023,4.33,0,4.19,3.52,-0.67
1/30/2023,4.33,0,4.25,3.55,-0.7
1/31/2023,4.33,0,4.21,3.52,-0.69
2/1/2023,4.33,0,4.09,3.39,-0.7
2/2/2023,4.58,0.25,4.09,3.4,-0.69
2/3/2023,4.58,0,4.3,3.53,-0.77
2/6/2023,4.58,0,4.44,3.63,-0.81
2/7/2023,4.58,0,4.47,3.67,-0.8
2/8/2023,4.58,0,4.45,3.63,-0.82
2/9/2023,4.57,-0.01,4.48,3.67,-0.81
2/10/2023,4.58,0.01,4.5,3.74,-0.76
2/13/2023,4.58,0,4.52,3.72,-0.8
2/14/2023,4.58,0,4.6,3.77,-0.83
2/15/2023,4.58,0,4.62,3.81,-0.81
2/16/2023,4.58,0,4.62,3.86,-0.76
2/17/2023,4.58,0,4.6,3.82,-0.78
2/20/2023,4.58,0,4.6,3.82,-0.78
2/21/2023,4.58,0,4.67,3.95,-0.72
2/22/2023,4.58,0,4.66,3.93,-0.73
2/23/2023,4.58,0,4.66,3.88,-0.78
2/24/2023,4.58,0,4.78,3.95,-0.83
2/27/2023,4.57,-0.01,4.78,3.92,-0.86
2/28/2023,4.57,0,4.81,3.92,-0.89
3/1/2023,4.58,0.01,4.89,4.01,-0.88
3/2/2023,4.57,-0.01,4.89,4.08,-0.81
3/3/2023,4.57,0,4.86,3.97,-0.89
3/6/2023,4.57,0,4.89,3.98,-0.91
3/7/2023,4.57,0,5,3.97,-1.03
3/8/2023,4.57,0,5.05,3.98,-1.07
3/9/2023,4.57,0,4.9,3.93,-0.97
3/10/2023,4.57,0,4.6,3.7,-0.9
3/13/2023,4.58,0.01,4.03,3.55,-0.48
3/14/2023,4.58,0,4.2,3.64,-0.56
3/15/2023,4.58,0,3.93,3.51,-0.42
3/16/2023,4.58,0,4.14,3.56,-0.58
3/17/2023,4.58,0,3.81,3.39,-0.42
3/20/2023,4.58,0,3.92,3.47,-0.45
3/21/2023,4.58,0,4.17,3.59,-0.58
3/22/2023,4.58,0,3.96,3.48,-0.48
3/23/2023,4.83,0.25,3.76,3.38,-0.38
3/24/2023,4.83,0,3.76,3.38,-0.38
3/27/2023,4.83,0,3.94,3.53,-0.41
3/28/2023,4.83,0,4.02,3.55,-0.47
3/29/2023,4.83,0,4.08,3.57,-0.51
3/30/2023,4.83,0,4.1,3.55,-0.55
3/31/2023,4.83,0,4.06,3.48,-0.58
4/3/2023,4.83,0,3.97,3.43,-0.54
4/4/2023,4.83,0,3.84,3.35,-0.49
4/5/2023,4.83,0,3.79,3.3,-0.49
4/6/2023,4.83,0,3.82,3.3,-0.52
4/7/2023,4.83,0,3.97,3.39,-0.58
4/10/2023,4.83,0,4,3.41,-0.59
4/11/2023,4.83,0,4.03,3.43,-0.6
4/12/2023,4.83,0,3.95,3.41,-0.54
4/13/2023,4.83,0,3.96,3.45,-0.51
4/14/2023,4.83,0,4.08,3.52,-0.56
4/17/2023,4.83,0,4.18,3.6,-0.58
4/18/2023,4.83,0,4.19,3.58,-0.61
4/19/2023,4.83,0,4.24,3.6,-0.64
4/20/2023,4.83,0,4.14,3.54,-0.6
4/21/2023,4.83,0,4.17,3.57,-0.6
4/24/2023,4.83,0,4.12,3.52,-0.6
4/25/2023,4.83,0,3.86,3.4,-0.46
4/26/2023,4.83,0,3.9,3.43,-0.47
4/27/2023,4.83,0,4.07,3.53,-0.54
4/28/2023,4.83,0,4.04,3.44,-0.6
5/1/2023,4.83,0,4.14,3.59,-0.55
5/2/2023,4.83,0,3.97,3.44,-0.53
5/3/2023,4.83,0,3.89,3.38,-0.51
5/4/2023,5.08,0.25,3.75,3.37,-0.38
5/5/2023,5.08,0,3.92,3.44,-0.48
5/8/2023,5.08,0,4,3.52,-0.48
5/9/2023,5.08,0,4.01,3.53,-0.48
5/10/2023,5.08,0,3.9,3.43,-0.47
5/11/2023,5.08,0,3.89,3.39,-0.5
5/12/2023,5.08,0,3.98,3.46,-0.52
5/15/2023,5.08,0,3.99,3.5,-0.49
5/16/2023,5.08,0,4.06,3.54,-0.52
5/17/2023,5.08,0,4.12,3.57,-0.55
5/18/2023,5.08,0,4.24,3.65,-0.59
5/19/2023,5.08,0,4.28,3.7,-0.58
5/22/2023,5.08,0,4.29,3.72,-0.57
5/23/2023,5.08,0,4.26,3.7,-0.56
5/24/2023,5.08,0,4.31,3.73,-0.58
5/25/2023,5.08,0,4.5,3.83,-0.67
5/26/2023,5.08,0,4.54,3.8,-0.74
5/29/2023,5.08,0,4.54,3.8,-0.74
5/30/2023,5.08,0,4.46,3.69,-0.77
5/31/2023,5.08,0,4.4,3.64,-0.76
6/1/2023,5.08,0,4.33,3.61,-0.72
6/2/2023,5.08,0,4.5,3.69,-0.81
6/5/2023,5.08,0,4.46,3.69,-0.77
6/6/2023,5.08,0,4.51,3.7,-0.81
6/7/2023,5.08,0,4.56,3.79,-0.77
6/8/2023,5.08,0,4.52,3.73,-0.79
6/9/2023,5.08,0,4.59,3.75,-0.84
6/12/2023,5.08,0,4.55,3.73,-0.82
6/13/2023,5.08,0,4.67,3.84,-0.83
6/14/2023,5.08,0,4.74,3.83,-0.91
6/15/2023,5.07,-0.01,4.62,3.72,-0.9
6/16/2023,5.08,0.01,4.7,3.77,-0.93
6/19/2023,5.08,0,4.7,3.77,-0.93
6/20/2023,5.07,-0.01,4.68,3.74,-0.94
6/21/2023,5.07,0,4.68,3.72,-0.96
6/22/2023,5.07,0,4.77,3.8,-0.97
6/23/2023,5.07,0,4.71,3.74,-0.97
6/26/2023,5.07,0,4.65,3.72,-0.93
6/27/2023,5.07,0,4.74,3.77,-0.97
6/28/2023,5.07,0,4.71,3.71,-1
6/29/2023,5.07,0,4.87,3.85,-1.02
6/30/2023,5.08,0.01,4.87,3.81,-1.06
7/3/2023,5.08,0,4.94,3.86,-1.08
7/4/2023,5.08,0,4.94,3.86,-1.08
7/5/2023,5.08,0,4.94,3.95,-0.99
7/6/2023,5.08,0,4.99,4.05,-0.94
7/7/2023,5.08,0,4.94,4.06,-0.88
7/10/2023,5.07,-0.01,4.85,4.01,-0.84
7/11/2023,5.08,0.01,4.88,3.99,-0.89
7/12/2023,5.08,0,4.72,3.86,-0.86
7/13/2023,5.08,0,4.59,3.76,-0.83
7/14/2023,5.08,0,4.74,3.83,-0.91
7/17/2023,5.08,0,4.74,3.81,-0.93
7/18/2023,5.08,0,4.74,3.8,-0.94
7/19/2023,5.08,0,4.74,3.75,-0.99
7/20/2023,5.08,0,4.8,3.85,-0.95
7/21/2023,5.08,0,4.82,3.84,-0.98
7/24/2023,5.08,0,4.81,3.86,-0.95
7/25/2023,5.08,0,4.85,3.91,-0.94
7/26/2023,5.08,0,4.82,3.86,-0.96
7/27/2023,5.33,0.25,4.91,4.01,-0.9
7/28/2023,5.33,0,4.87,3.96,-0.91
7/31/2023,5.33,0,4.88,3.97,-0.91
8/1/2023,5.33,0,4.92,4.05,-0.87
8/2/2023,5.33,0,4.88,4.08,-0.8
8/3/2023,5.33,0,4.9,4.2,-0.7
8/4/2023,5.33,0,4.78,4.05,-0.73
8/7/2023,5.33,0,4.76,4.09,-0.67
8/8/2023,5.33,0,4.74,4.02,-0.72
8/9/2023,5.33,0,4.79,4,-0.79
8/10/2023,5.33,0,4.82,4.09,-0.73
8/11/2023,5.33,0,4.89,4.16,-0.73
8/14/2023,5.33,0,4.96,4.19,-0.77
8/15/2023,5.33,0,4.92,4.21,-0.71
8/16/2023,5.33,0,4.97,4.28,-0.69
8/17/2023,5.33,0,4.94,4.3,-0.64
8/18/2023,5.33,0,4.92,4.26,-0.66
8/21/2023,5.33,0,4.97,4.34,-0.63
8/22/2023,5.33,0,5.02,4.34,-0.68
8/23/2023,5.33,0,4.95,4.19,-0.76
8/24/2023,5.33,0,4.98,4.23,-0.75
8/25/2023,5.33,0,5.03,4.25,-0.78
8/28/2023,5.33,0,4.98,4.2,-0.78
8/29/2023,5.33,0,4.87,4.12,-0.75
8/30/2023,5.33,0,4.9,4.12,-0.78
8/31/2023,5.33,0,4.85,4.09,-0.76
9/1/2023,5.33,0,4.87,4.18,-0.69
9/4/2023,5.33,0,4.87,4.18,-0.69
9/5/2023,5.33,0,4.94,4.27,-0.67
9/6/2023,5.33,0,5.01,4.3,-0.71
9/7/2023,5.33,0,4.94,4.27,-0.67
9/8/2023,5.33,0,4.98,4.26,-0.72
9/11/2023,5.33,0,4.97,4.29,-0.68
9/12/2023,5.33,0,4.98,4.27,-0.71
9/13/2023,5.33,0,4.96,4.25,-0.71
9/14/2023,5.33,0,5,4.29,-0.71
9/15/2023,5.33,0,5.02,4.33,-0.69
9/18/2023,5.33,0,5.05,4.32,-0.73
9/19/2023,5.33,0,5.08,4.37,-0.71
9/20/2023,5.33,0,5.12,4.35,-0.77
9/21/2023,5.33,0,5.12,4.49,-0.63
9/22/2023,5.33,0,5.1,4.44,-0.66
9/25/2023,5.33,0,5.09,4.55,-0.54
9/26/2023,5.33,0,5.04,4.56,-0.48
9/27/2023,5.33,0,5.1,4.61,-0.49
9/28/2023,5.33,0,5.04,4.59,-0.45
9/29/2023,5.33,0,5.03,4.59,-0.44
10/2/2023,5.33,0,5.12,4.69,-0.43
10/3/2023,5.33,0,5.15,4.81,-0.34
10/4/2023,5.33,0,5.05,4.73,-0.32
10/5/2023,5.33,0,5.03,4.72,-0.31
10/6/2023,5.33,0,5.08,4.78,-0.3
10/9/2023,5.33,0,5.08,4.78,-0.3
10/10/2023,5.33,0,4.96,4.66,-0.3
10/11/2023,5.33,0,4.99,4.58,-0.41
10/12/2023,5.33,0,5.06,4.7,-0.36
10/13/2023,5.33,0,5.04,4.63,-0.41
10/16/2023,5.33,0,5.09,4.71,-0.38
10/17/2023,5.33,0,5.19,4.83,-0.36
10/18/2023,5.33,0,5.19,4.91,-0.28
10/19/2023,5.33,0,5.14,4.98,-0.16
10/20/2023,5.33,0,5.07,4.93,-0.14
10/23/2023,5.33,0,5.05,4.86,-0.19
10/24/2023,5.33,0,5.02,4.83,-0.19
10/25/2023,5.33,0,5.08,4.95,-0.13
10/26/2023,5.33,0,5.02,4.86,-0.16
10/27/2023,5.33,0,4.99,4.84,-0.15
10/30/2023,5.33,0,5.03,4.88,-0.15
10/31/2023,5.33,0,5.07,4.88,-0.19
11/1/2023,5.33,0,4.95,4.77,-0.18
11/2/2023,5.33,0,4.98,4.67,-0.31
11/3/2023,5.33,0,4.83,4.57,-0.26
11/6/2023,5.33,0,4.93,4.67,-0.26
11/7/2023,5.33,0,4.91,4.58,-0.33
11/8/2023,5.33,0,4.93,4.49,-0.44
11/9/2023,5.33,0,5.03,4.62,-0.41
11/10/2023,5.33,0,5.04,4.61,-0.43
11/13/2023,5.33,0,5.02,4.63,-0.39
11/14/2023,5.33,0,4.8,4.44,-0.36
11/15/2023,5.33,0,4.9,4.53,-0.37
11/16/2023,5.33,0,4.83,4.45,-0.38
11/17/2023,5.33,0,4.88,4.44,-0.44
11/20/2023,5.33,0,4.89,4.42,-0.47
11/21/2023,5.33,0,4.86,4.41,-0.45
11/22/2023,5.33,0,4.89,4.42,-0.47
11/23/2023,5.33,0,4.89,4.42,-0.47
11/24/2023,5.33,0,4.92,4.47,-0.45
11/27/2023,5.33,0,4.84,4.39,-0.45
11/28/2023,5.33,0,4.73,4.34,-0.39
11/29/2023,5.33,0,4.64,4.27,-0.37
11/30/2023,5.33,0,4.73,4.37,-0.36
12/1/2023,5.33,0,4.56,4.22,-0.34
12/4/2023,5.33,0,4.64,4.28,-0.36
12/5/2023,5.33,0,4.57,4.18,-0.39
12/6/2023,5.33,0,4.6,4.12,-0.48
12/7/2023,5.33,0,4.58,4.14,-0.44
12/8/2023,5.33,0,4.71,4.23,-0.48
12/11/2023,5.33,0,4.71,4.23,-0.48
12/12/2023,5.33,0,4.73,4.2,-0.53
12/13/2023,5.33,0,4.46,4.04,-0.42
12/14/2023,5.33,0,4.37,3.92,-0.45
12/15/2023,5.33,0,4.44,3.91,-0.53
12/18/2023,5.33,0,4.43,3.95,-0.48
12/19/2023,5.33,0,4.41,3.93,-0.48
12/20/2023,5.33,0,4.34,3.86,-0.48
12/21/2023,5.33,0,4.33,3.89,-0.44
12/22/2023,5.33,0,4.31,3.9,-0.41
12/25/2023,5.33,0,4.31,3.9,-0.41
12/26/2023,5.33,0,4.26,3.89,-0.37
12/27/2023,5.33,0,4.2,3.79,-0.41
12/28/2023,5.33,0,4.26,3.84,-0.42
12/29/2023,5.33,0,4.23,3.88,-0.35
1/1/2024,5.33,0,4.23,3.88,-0.35
1/2/2024,5.33,0,4.33,3.95,-0.38
1/3/2024,5.33,0,4.33,3.91,-0.42
1/4/2024,5.33,0,4.38,3.99,-0.39
1/5/2024,5.33,0,4.4,4.05,-0.35
1/8/2024,5.33,0,4.36,4.01,-0.35
1/9/2024,5.33,0,4.36,4.02,-0.34
1/10/2024,5.33,0,4.37,4.04,-0.33
1/11/2024,5.33,0,4.26,3.98,-0.28
1/12/2024,5.33,0,4.14,3.96,-0.18
1/15/2024,5.33,0,4.14,3.96,-0.18
1/16/2024,5.33,0,4.22,4.07,-0.15
1/17/2024,5.33,0,4.34,4.1,-0.24
1/18/2024,5.33,0,4.34,4.14,-0.2
1/19/2024,5.33,0,4.39,4.15,-0.24
1/22/2024,5.33,0,4.37,4.11,-0.26
1/23/2024,5.33,0,4.31,4.14,-0.17
1/24/2024,5.33,0,4.34,4.18,-0.16
1/25/2024,5.33,0,4.28,4.14,-0.14
1/26/2024,5.33,0,4.34,4.15,-0.19
1/29/2024,5.33,0,4.29,4.08,-0.21
1/30/2024,5.33,0,4.36,4.06,-0.3
1/31/2024,5.33,0,4.27,3.99,-0.28
2/1/2024,5.33,0,4.2,3.87,-0.33
2/2/2024,5.33,0,4.36,4.03,-0.33
2/5/2024,5.33,0,4.46,4.17,-0.29
2/6/2024,5.33,0,4.39,4.09,-0.3
2/7/2024,5.33,0,4.41,4.09,-0.32
2/8/2024,5.33,0,4.46,4.15,-0.31
2/9/2024,5.33,0,4.48,4.17,-0.31
2/12/2024,5.33,0,4.46,4.17,-0.29
2/13/2024,5.33,0,4.64,4.31,-0.33
2/14/2024,5.33,0,4.56,4.27,-0.29
2/15/2024,5.33,0,4.56,4.24,-0.32
2/16/2024,5.33,0,4.64,4.3,-0.34
2/19/2024,5.33,0,4.64,4.3,-0.34
2/20/2024,5.33,0,4.59,4.27,-0.32
2/21/2024,5.33,0,4.64,4.32,-0.32
2/22/2024,5.33,0,4.69,4.33,-0.36
2/23/2024,5.33,0,4.67,4.26,-0.41
2/26/2024,5.33,0,4.69,4.28,-0.41
2/27/2024,5.33,0,4.7,4.31,-0.39
2/28/2024,5.33,0,4.64,4.27,-0.37
2/29/2024,5.33,0,4.64,4.25,-0.39
3/1/2024,5.33,0,4.54,4.19,-0.35
3/4/2024,5.33,0,4.61,4.22,-0.39
3/5/2024,5.33,0,4.54,4.13,-0.41
3/6/2024,5.33,0,4.55,4.11,-0.44
3/7/2024,5.33,0,4.5,4.09,-0.41
3/8/2024,5.33,0,4.48,4.09,-0.39
3/11/2024,5.33,0,4.51,4.1,-0.41
3/12/2024,5.33,0,4.58,4.16,-0.42
3/13/2024,5.33,0,4.61,4.19,-0.42
3/14/2024,5.33,0,4.68,4.29,-0.39
3/15/2024,5.33,0,4.72,4.31,-0.41
3/18/2024,5.33,0,4.73,4.34,-0.39
3/19/2024,5.33,0,4.68,4.3,-0.38
3/20/2024,5.33,0,4.59,4.27,-0.32
3/21/2024,5.33,0,4.62,4.27,-0.35
3/22/2024,5.33,0,4.59,4.22,-0.37
3/25/2024,5.33,0,4.54,4.25,-0.29
3/26/2024,5.33,0,4.56,4.24,-0.32
3/27/2024,5.33,0,4.54,4.2,-0.34
3/28/2024,5.33,0,4.59,4.2,-0.39
3/29/2024,5.33,0,4.59,4.2,-0.39
4/1/2024,5.33,0,4.72,4.33,-0.39
4/2/2024,5.33,0,4.7,4.36,-0.34
4/3/2024,5.33,0,4.68,4.36,-0.32
4/4/2024,5.33,0,4.65,4.31,-0.34
4/5/2024,5.33,0,4.73,4.39,-0.34
4/8/2024,5.33,0,4.78,4.42,-0.36
4/9/2024,5.33,0,4.74,4.36,-0.38
4/10/2024,5.33,0,4.97,4.55,-0.42
4/11/2024,5.33,0,4.93,4.56,-0.37
4/12/2024,5.33,0,4.88,4.5,-0.38
4/15/2024,5.33,0,4.93,4.63,-0.3
4/16/2024,5.33,0,4.97,4.67,-0.3
4/17/2024,5.33,0,4.93,4.59,-0.34
4/18/2024,5.33,0,4.98,4.64,-0.34
4/19/2024,5.33,0,4.97,4.62,-0.35
4/22/2024,5.33,0,4.97,4.62,-0.35
4/23/2024,5.33,0,4.86,4.61,-0.25
4/24/2024,5.33,0,4.89,4.65,-0.24
4/25/2024,5.33,0,4.96,4.7,-0.26
4/26/2024,5.33,0,4.96,4.67,-0.29
4/29/2024,5.33,0,4.97,4.63,-0.34
4/30/2024,5.33,0,5.04,4.69,-0.35
5/1/2024,5.33,0,4.96,4.63,-0.33
5/2/2024,5.33,0,4.87,4.58,-0.29
5/3/2024,5.33,0,4.81,4.5,-0.31
5/6/2024,5.33,0,4.82,4.49,-0.33
5/7/2024,5.33,0,4.82,4.47,-0.35
5/8/2024,5.33,0,4.84,4.48,-0.36
5/9/2024,5.33,0,4.8,4.45,-0.35
5/10/2024,5.33,0,4.87,4.5,-0.37
5/13/2024,5.33,0,4.85,4.48,-0.37
5/14/2024,5.33,0,4.81,4.45,-0.36
5/15/2024,5.33,0,4.73,4.36,-0.37
5/16/2024,5.33,0,4.78,4.38,-0.4
5/17/2024,5.33,0,4.83,4.42,-0.41
5/20/2024,5.33,0,4.82,4.44,-0.38
5/21/2024,5.33,0,4.82,4.41,-0.41
5/22/2024,5.33,0,4.86,4.43,-0.43
5/23/2024,5.33,0,4.91,4.47,-0.44
5/24/2024,5.33,0,4.93,4.46,-0.47
5/27/2024,5.33,0,4.93,4.46,-0.47
5/28/2024,5.33,0,4.94,4.54,-0.4
5/29/2024,5.33,0,4.96,4.61,-0.35
5/30/2024,5.33,0,4.92,4.55,-0.37
5/31/2024,5.33,0,4.89,4.51,-0.38
6/3/2024,5.33,0,4.82,4.41,-0.41
6/4/2024,5.33,0,4.77,4.33,-0.44
6/5/2024,5.33,0,4.72,4.29,-0.43
6/6/2024,5.33,0,4.72,4.28,-0.44
6/7/2024,5.33,0,4.87,4.43,-0.44
6/10/2024,5.33,0,4.87,4.47,-0.4
6/11/2024,5.33,0,4.81,4.39,-0.42
6/12/2024,5.33,0,4.75,4.31,-0.44
6/13/2024,5.33,0,4.68,4.24,-0.44
6/14/2024,5.33,0,4.67,4.2,-0.47
6/17/2024,5.33,0,4.75,4.28,-0.47
6/18/2024,5.33,0,4.69,4.22,-0.47
6/19/2024,5.33,0,4.69,4.22,-0.47
6/20/2024,5.33,0,4.7,4.25,-0.45
6/21/2024,5.33,0,4.7,4.25,-0.45
6/24/2024,5.33,0,4.71,4.25,-0.46
6/25/2024,5.33,0,4.65,4.23,-0.42
6/26/2024,5.33,0,4.71,4.32,-0.39
6/27/2024,5.33,0,4.7,4.29,-0.41
6/28/2024,5.33,0,4.71,4.36,-0.35
7/1/2024,5.33,0,4.77,4.48,-0.29
7/2/2024,5.33,0,4.74,4.43,-0.31
7/3/2024,5.33,0,4.71,4.36,-0.35
7/4/2024,5.33,0,4.71,4.36,-0.35
7/5/2024,5.33,0,4.6,4.28,-0.32
7/8/2024,5.33,0,4.62,4.28,-0.34
7/9/2024,5.33,0,4.62,4.3,-0.32
7/10/2024,5.33,0,4.62,4.28,-0.34
7/11/2024,5.33,0,4.5,4.2,-0.3
7/12/2024,5.33,0,4.45,4.18,-0.27
7/15/2024,5.33,0,4.44,4.23,-0.21
7/16/2024,5.33,0,4.43,4.17,-0.26
7/17/2024,5.33,0,4.42,4.16,-0.26
7/18/2024,5.33,0,4.46,4.2,-0.26
7/19/2024,5.33,0,4.49,4.25,-0.24
7/22/2024,5.33,0,4.5,4.26,-0.24
7/23/2024,5.33,0,4.4,4.25,-0.15
7/24/2024,5.33,0,4.37,4.28,-0.09
7/25/2024,5.33,0,4.41,4.27,-0.14
7/26/2024,5.33,0,4.36,4.2,-0.16
7/29/2024,5.33,0,4.36,4.17,-0.19
7/30/2024,5.33,0,4.35,4.15,-0.2
7/31/2024,5.33,0,4.29,4.09,-0.2
8/1/2024,5.33,0,4.16,3.99,-0.17
8/2/2024,5.33,0,3.88,3.8,-0.08
8/5/2024,5.33,0,3.89,3.78,-0.11
8/6/2024,5.33,0,3.99,3.9,-0.09
8/7/2024,5.33,0,4,3.96,-0.04
8/8/2024,5.33,0,4.04,3.99,-0.05
8/9/2024,5.33,0,4.05,3.94,-0.11
8/12/2024,5.33,0,4.01,3.9,-0.11
8/13/2024,5.33,0,3.93,3.85,-0.08
8/14/2024,5.33,0,3.94,3.83,-0.11
8/15/2024,5.33,0,4.08,3.92,-0.16
8/16/2024,5.33,0,4.06,3.89,-0.17
8/19/2024,5.33,0,4.06,3.86,-0.2
8/20/2024,5.33,0,3.99,3.82,-0.17
8/21/2024,5.33,0,3.92,3.79,-0.13
8/22/2024,5.33,0,3.99,3.86,-0.13
8/23/2024,5.33,0,3.9,3.81,-0.09
8/26/2024,5.33,0,3.91,3.82,-0.09
8/27/2024,5.33,0,3.83,3.83,0
8/28/2024,5.33,0,3.83,3.84,0.01
8/29/2024,5.33,0,3.87,3.87,0
8/30/2024,5.33,0,3.91,3.91,0
9/2/2024,5.33,0,3.91,3.91,0
9/3/2024,5.33,0,3.88,3.84,-0.04
9/4/2024,5.33,0,3.76,3.77,0.01
9/5/2024,5.33,0,3.75,3.73,-0.02
9/6/2024,5.33,0,3.66,3.72,0.06
9/9/2024,5.33,0,3.68,3.7,0.02
9/10/2024,5.33,0,3.59,3.65,0.06
9/11/2024,5.33,0,3.62,3.65,0.03
9/12/2024,5.33,0,3.64,3.68,0.04
9/13/2024,5.33,0,3.57,3.66,0.09
9/16/2024,5.33,0,3.56,3.63,0.07
9/17/2024,5.33,0,3.59,3.65,0.06
9/18/2024,5.33,0,3.61,3.7,0.09
9/19/2024,4.83,-0.5,3.59,3.73,0.14
9/20/2024,4.83,0,3.55,3.73,0.18
9/23/2024,4.83,0,3.57,3.75,0.18
9/24/2024,4.83,0,3.49,3.74,0.25
9/25/2024,4.83,0,3.53,3.79,0.26
9/26/2024,4.83,0,3.6,3.79,0.19
9/27/2024,4.83,0,3.55,3.75,0.2
9/30/2024,4.83,0,3.66,3.81,0.15
10/1/2024,4.83,0,3.61,3.74,0.13
10/2/2024,4.83,0,3.63,3.79,0.16
10/3/2024,4.83,0,3.7,3.85,0.15
10/4/2024,4.83,0,3.93,3.98,0.05
10/7/2024,4.83,0,3.99,4.03,0.04
10/8/2024,4.83,0,3.98,4.04,0.06
10/9/2024,4.83,0,3.99,4.06,0.07
10/10/2024,4.83,0,3.98,4.09,0.11
10/11/2024,4.83,0,3.95,4.08,0.13
10/14/2024,4.83,0,3.95,4.08,0.13
10/15/2024,4.83,0,3.95,4.03,0.08
10/16/2024,4.83,0,3.93,4.02,0.09
10/17/2024,4.83,0,3.96,4.09,0.13
10/18/2024,4.83,0,3.95,4.08,0.13
10/21/2024,4.83,0,4.02,4.19,0.17
10/22/2024,4.83,0,4.03,4.2,0.17
10/23/2024,4.83,0,4.07,4.24,0.17
10/24/2024,4.83,0,4.07,4.21,0.14
10/25/2024,4.83,0,4.11,4.25,0.14
10/28/2024,4.83,0,4.12,4.28,0.16
10/29/2024,4.83,0,4.11,4.28,0.17
10/30/2024,4.83,0,4.15,4.29,0.14
10/31/2024,4.83,0,4.16,4.28,0.12
11/1/2024,4.83,0,4.21,4.37,0.16
11/4/2024,4.83,0,4.17,4.31,0.14
11/5/2024,4.83,0,4.19,4.26,0.07
11/6/2024,4.83,0,4.27,4.42,0.15
11/7/2024,4.83,0,4.21,4.31,0.1
11/8/2024,4.58,-0.25,4.26,4.3,0.04
11/11/2024,4.58,0,4.26,4.3,0.04
11/12/2024,4.58,0,4.34,4.43,0.09
11/13/2024,4.58,0,4.27,4.44,0.17
11/14/2024,4.58,0,4.34,4.43,0.09
11/15/2024,4.58,0,4.31,4.43,0.12
11/18/2024,4.58,0,4.29,4.42,0.13
11/19/2024,4.58,0,4.27,4.39,0.12
11/20/2024,4.58,0,4.31,4.41,0.1
11/21/2024,4.58,0,4.34,4.43,0.09
11/22/2024,4.58,0,4.37,4.41,0.04
11/25/2024,4.58,0,4.21,4.27,0.06
11/26/2024,4.58,0,4.21,4.3,0.09
11/27/2024,4.58,0,4.19,4.25,0.06
11/28/2024,4.58,0,4.19,4.25,0.06
11/29/2024,4.58,0,4.13,4.18,0.05
12/2/2024,4.58,0,4.17,4.19,0.02
12/3/2024,4.58,0,4.17,4.23,0.06
12/4/2024,4.58,0,4.13,4.19,0.06
12/5/2024,4.58,0,4.15,4.17,0.02
12/6/2024,4.58,0,4.1,4.15,0.05
12/9/2024,4.58,0,4.13,4.2,0.07
12/10/2024,4.58,0,4.15,4.22,0.07
12/11/2024,4.58,0,4.15,4.26,0.11
12/12/2024,4.58,0,4.18,4.32,0.14
12/13/2024,4.58,0,4.25,4.4,0.15
12/16/2024,4.58,0,4.25,4.39,0.14
12/17/2024,4.58,0,4.25,4.4,0.15
12/18/2024,4.58,0,4.35,4.5,0.15
12/19/2024,4.33,-0.25,4.32,4.57,0.25
12/20/2024,4.33,0,4.3,4.52,0.22
12/23/2024,4.33,0,4.3,4.59,0.29
12/24/2024,4.33,0,4.29,4.59,0.3
12/25/2024,4.33,0,4.29,4.59,0.3
12/26/2024,4.33,0,4.3,4.58,0.28
12/27/2024,4.33,0,4.31,4.62,0.31
12/30/2024,4.33,0,4.24,4.55,0.31
12/31/2024,4.33,0,4.25,4.58,0.33
1/1/2025,4.33,0,4.25,4.58,0.33
1/2/2025,4.33,0,4.25,4.57,0.32
1/3/2025,4.33,0,4.28,4.6,0.32
1/6/2025,4.33,0,4.28,4.62,0.34
1/7/2025,4.33,0,4.3,4.67,0.37
1/8/2025,4.33,0,4.28,4.67,0.39
1/9/2025,4.33,0,4.27,4.68,0.41
1/10/2025,4.33,0,4.4,4.77,0.37
1/13/2025,4.33,0,4.4,4.79,0.39
1/14/2025,4.33,0,4.37,4.78,0.41
1/15/2025,4.33,0,4.27,4.66,0.39
1/16/2025,4.33,0,4.23,4.61,0.38
1/17/2025,4.33,0,4.27,4.61,0.34
1/20/2025,4.33,0,4.27,4.61,0.34
1/21/2025,4.33,0,4.29,4.57,0.28
1/22/2025,4.33,0,4.29,4.6,0.31
1/23/2025,4.33,0,4.29,4.65,0.36
1/24/2025,4.33,0,4.27,4.63,0.36
1/27/2025,4.33,0,4.17,4.53,0.36
1/28/2025,4.33,0,4.19,4.55,0.36
1/29/2025,4.33,0,4.21,4.55,0.34
1/30/2025,4.33,0,4.18,4.52,0.34
1/31/2025,4.33,0,4.22,4.58,0.36
2/3/2025,4.33,0,4.26,4.54,0.28
2/4/2025,4.33,0,4.21,4.52,0.31
2/5/2025,4.33,0,4.17,4.43,0.26
2/6/2025,4.33,0,4.21,4.45,0.24
2/7/2025,4.33,0,4.29,4.49,0.2
2/10/2025,4.33,0,4.28,4.51,0.23
2/11/2025,4.33,0,4.29,4.54,0.25
2/12/2025,4.33,0,4.36,4.62,0.26
2/13/2025,4.33,0,4.31,4.52,0.21
2/14/2025,4.33,0,4.26,4.47,0.21
2/17/2025,4.33,0,4.26,4.47,0.21
2/18/2025,4.33,0,4.29,4.55,0.26
2/19/2025,4.33,0,4.28,4.53,0.25
2/20/2025,4.33,0,4.28,4.5,0.22
2/21/2025,4.33,0,4.19,4.42,0.23
2/24/2025,4.33,0,4.13,4.4,0.27
2/25/2025,4.33,0,4.07,4.3,0.23
2/26/2025,4.33,0,4.05,4.25,0.2
2/27/2025,4.33,0,4.07,4.29,0.22
2/28/2025,4.33,0,3.99,4.24,0.25
3/3/2025,4.33,0,3.96,4.16,0.2
3/4/2025,4.33,0,3.96,4.22,0.26
3/5/2025,4.33,0,3.99,4.28,0.29
3/6/2025,4.33,0,3.96,4.29,0.33
3/7/2025,4.33,0,3.99,4.32,0.33
3/10/2025,4.33,0,3.89,4.22,0.33
3/11/2025,4.33,0,3.94,4.28,0.34
3/12/2025,4.33,0,4.01,4.32,0.31
3/13/2025,4.33,0,3.94,4.27,0.33
3/14/2025,4.33,0,4.02,4.31,0.29
3/17/2025,4.33,0,4.06,4.31,0.25
3/18/2025,4.33,0,4.04,4.29,0.25
3/19/2025,4.33,0,3.99,4.25,0.26
3/20/2025,4.33,0,3.95,4.24,0.29
3/21/2025,4.33,0,3.94,4.25,0.31
3/24/2025,4.33,0,4.04,4.34,0.3
3/25/2025,4.33,0,3.96,4.31,0.35
3/26/2025,4.33,0,3.98,4.35,0.37
3/27/2025,4.33,0,3.97,4.38,0.41
3/28/2025,4.33,0,3.89,4.27,0.38
3/31/2025,4.33,0,3.89,4.23,0.34
4/1/2025,4.33,0,3.87,4.17,0.3
4/2/2025,4.33,0,3.91,4.2,0.29
4/3/2025,4.33,0,3.71,4.06,0.35
4/4/2025,4.33,0,3.68,4.01,0.33
4/7/2025,4.33,0,3.73,4.15,0.42
4/8/2025,4.33,0,3.71,4.26,0.55
4/9/2025,4.33,0,3.91,4.34,0.43
4/10/2025,4.33,0,3.84,4.4,0.56
4/11/2025,4.33,0,3.96,4.48,0.52
4/14/2025,4.33,0,3.84,4.38,0.54
4/15/2025,4.33,0,3.84,4.35,0.51
4/16/2025,4.33,0,3.77,4.29,0.52
4/17/2025,4.33,0,3.81,4.34,0.53
4/18/2025,4.33,0,3.81,4.34,0.53
4/21/2025,4.33,0,3.75,4.42,0.67
4/22/2025,4.33,0,3.76,4.41,0.65
4/23/2025,4.33,0,3.81,4.4,0.59
4/24/2025,4.33,0,3.77,4.32,0.55
4/25/2025,4.33,0,3.74,4.29,0.55
4/28/2025,4.33,0,3.67,4.23,0.56
4/29/2025,4.33,0,3.65,4.19,0.54
4/30/2025,4.33,0,3.6,4.17,0.57
5/1/2025,4.33,0,3.7,4.25,0.55
5/2/2025,4.33,0,3.83,4.33,0.5
5/5/2025,4.33,0,3.83,4.36,0.53
5/6/2025,4.33,0,3.78,4.3,0.52
5/7/2025,4.33,0,3.78,4.26,0.48
5/8/2025,4.33,0,3.9,4.37,0.47
5/9/2025,4.33,0,3.88,4.37,0.49
5/12/2025,4.33,0,3.98,4.45,0.47
5/13/2025,4.33,0,4.02,4.49,0.47
5/14/2025,4.33,0,4.05,4.53,0.48
5/15/2025,4.33,0,3.96,4.45,0.49
5/16/2025,4.33,0,3.98,4.43,0.45
5/19/2025,4.33,0,3.97,4.46,0.49
5/20/2025,4.33,0,3.97,4.48,0.51
5/21/2025,4.33,0,4,4.58,0.58
5/22/2025,4.33,0,4,4.54,0.54
5/23/2025,4.33,0,4,4.51,0.51
5/26/2025,4.33,0,4,4.51,0.51
5/27/2025,4.33,0,3.92,4.43,0.51
5/28/2025,4.33,0,3.96,4.47,0.51
5/29/2025,4.33,0,3.92,4.43,0.51
5/30/2025,4.33,0,3.89,4.41,0.52
6/2/2025,4.33,0,3.94,4.46,0.52
6/3/2025,4.33,0,3.96,4.46,0.5
6/4/2025,4.33,0,3.87,4.37,0.5
6/5/2025,4.33,0,3.92,4.4,0.48
6/6/2025,4.33,0,4.04,4.51,0.47
6/9/2025,4.33,0,4.01,4.49,0.48
6/10/2025,4.33,0,4.01,4.47,0.46
6/11/2025,4.33,0,3.94,4.41,0.47
6/12/2025,4.33,0,3.9,4.36,0.46
6/13/2025,4.33,0,3.96,4.41,0.45
6/16/2025,4.33,0,3.97,4.46,0.49
6/17/2025,4.33,0,3.94,4.39,0.45
6/18/2025,4.33,0,3.94,4.38,0.44
6/19/2025,4.33,0,3.94,4.38,0.44
6/20/2025,4.33,0,3.9,4.38,0.48
6/23/2025,4.33,0,3.84,4.34,0.5
6/24/2025,4.33,0,3.75,4.3,0.55
6/25/2025,4.33,0,3.74,4.29,0.55
6/26/2025,4.33,0,3.7,4.26,0.56
6/27/2025,4.33,0,3.73,4.29,0.56
6/30/2025,4.33,0,3.72,4.24,0.52
7/1/2025,4.33,0,3.78,4.26,0.48
7/2/2025,4.33,0,3.78,4.3,0.52
7/3/2025,4.33,0,3.88,4.35,0.47
7/4/2025,4.33,0,3.88,4.35,0.47
7/7/2025,4.33,0,3.9,4.4,0.5
7/8/2025,4.33,0,3.9,4.42,0.52
7/9/2025,4.33,0,3.86,4.34,0.48
7/10/2025,4.33,0,3.86,4.35,0.49
7/11/2025,4.33,0,3.9,4.43,0.53
7/14/2025,4.33,0,3.9,4.43,0.53
7/15/2025,4.33,0,3.95,4.5,0.55
7/16/2025,4.33,0,3.88,4.46,0.58
7/17/2025,4.33,0,3.91,4.47,0.56
7/18/2025,4.33,0,3.88,4.44,0.56
7/21/2025,4.33,0,3.85,4.38,0.53
7/22/2025,4.33,0,3.83,4.35,0.52
7/23/2025,4.33,0,3.88,4.4,0.52
7/24/2025,4.33,0,3.91,4.43,0.52
7/25/2025,4.33,0,3.91,4.4,0.49
7/28/2025,4.33,0,3.91,4.42,0.51
7/29/2025,4.33,0,3.86,4.34,0.48
7/30/2025,4.33,0,3.94,4.38,0.44
7/31/2025,4.33,0,3.94,4.37,0.43
8/1/2025,4.33,0,3.69,4.23,0.54
8/4/2025,4.33,0,3.69,4.22,0.53
8/5/2025,4.33,0,3.72,4.22,0.5
8/6/2025,4.33,0,3.69,4.22,0.53
8/7/2025,4.33,0,3.72,4.23,0.51
8/8/2025,4.33,0,3.76,4.27,0.51
8/11/2025,4.33,0,3.76,4.27,0.51
8/12/2025,4.33,0,3.72,4.29,0.57
8/13/2025,4.33,0,3.67,4.24,0.57
8/14/2025,4.33,0,3.74,4.29,0.55
8/15/2025,4.33,0,3.75,4.33,0.58
8/18/2025,4.33,0,3.77,4.34,0.57
8/19/2025,4.33,0,3.75,4.3,0.55
8/20/2025,4.33,0,3.74,4.29,0.55
8/21/2025,4.33,0,3.79,4.33,0.54
8/22/2025,4.33,0,3.68,4.26,0.58
8/25/2025,4.33,0,3.73,4.28,0.55
8/26/2025,4.33,0,3.61,4.26,0.65
8/27/2025,4.33,0,3.59,4.24,0.65
8/28/2025,4.33,0,3.62,4.22,0.6
8/29/2025,4.33,0,3.59,4.23,0.64
9/1/2025,4.33,0,3.59,4.23,0.64
9/2/2025,4.33,0,3.66,4.28,0.62
9/3/2025,4.33,0,3.61,4.22,0.61
9/4/2025,4.33,0,3.59,4.17,0.58
9/5/2025,4.33,0,3.51,4.1,0.59
9/8/2025,4.33,0,3.49,4.05,0.56
9/9/2025,4.33,0,3.54,4.08,0.54
9/10/2025,4.33,0,3.54,4.04,0.5
9/11/2025,4.33,0,3.52,4.01,0.49
9/12/2025,4.33,0,3.56,4.06,0.5
9/15/2025,4.33,0,3.54,4.05,0.51
9/16/2025,4.33,0,3.51,4.04,0.53
9/17/2025,4.33,0,3.52,4.06,0.54
9/18/2025,4.08,-0.25,3.57,4.11,0.54
9/19/2025,4.08,0,3.57,4.14,0.57
9/22/2025,4.09,0.01,3.61,4.15,0.54
9/23/2025,4.09,0,3.53,4.12,0.59
9/24/2025,4.09,0,3.57,4.16,0.59
9/25/2025,4.09,0,3.64,4.18,0.54
9/26/2025,4.09,0,3.63,4.2,0.57
9/29/2025,4.09,0,3.63,4.15,0.52
9/30/2025,4.09,0,3.6,4.16,0.56
10/1/2025,4.09,0,3.55,4.12,0.57
10/2/2025,4.09,0,3.55,4.1,0.55
10/3/2025,4.09,0,3.58,4.13,0.55
10/6/2025,4.09,0,3.6,4.18,0.58
10/7/2025,4.09,0,3.57,4.14,0.57
10/8/2025,4.1,0.01,3.58,4.13,0.55
10/9/2025,4.1,0,3.6,4.14,0.54
10/10/2025,4.1,0,3.52,4.05,0.53
10/13/2025,4.1,0,3.52,4.05,0.53
10/14/2025,4.1,0,3.48,4.03,0.55
10/15/2025,4.1,0,3.5,4.05,0.55
10/16/2025,4.11,0.01,3.41,3.99,0.58
10/17/2025,4.11,0,3.46,4.02,0.56
10/20/2025,4.11,0,3.46,4,0.54
10/21/2025,4.11,0,3.45,3.98,0.53
10/22/2025,4.11,0,3.45,3.97,0.52
10/23/2025,4.11,0,3.48,4.01,0.53
10/24/2025,4.11,0,3.48,4.02,0.54
10/27/2025,4.12,0.01,3.48,4.01,0.53
10/28/2025,4.12,0,3.47,3.99,0.52
10/29/2025,4.12,0,3.59,4.08,0.49
10/30/2025,3.87,-0.25,3.61,4.11,0.5
10/31/2025,3.86,-0.01,3.6,4.11,0.51
11/3/2025,3.87,0.01,3.6,4.13,0.53
11/4/2025,3.87,0,3.58,4.1,0.52
11/5/2025,3.87,0,3.63,4.17,0.54
11/6/2025,3.87,0,3.57,4.11,0.54
11/7/2025,3.87,0,3.55,4.11,0.56
11/10/2025,3.87,0,3.58,4.13,0.55
11/11/2025,3.87,0,3.58,4.13,0.55
11/12/2025,3.87,0,3.56,4.08,0.52
11/13/2025,3.88,0.01,3.58,4.11,0.53
11/14/2025,3.88,0,3.62,4.14,0.52
11/17/2025,3.88,0,3.6,4.13,0.53
11/18/2025,3.88,0,3.58,4.12,0.54
11/19/2025,3.88,0,3.58,4.13,0.55
11/20/2025,3.88,0,3.55,4.1,0.55
11/21/2025,3.88,0,3.51,4.06,0.55
11/24/2025,3.88,0,3.46,4.04,0.58
11/25/2025,3.88,0,3.43,4.01,0.58
11/26/2025,3.88,0,3.45,4,0.55
11/27/2025,3.88,0,3.45,4,0.55
11/28/2025,3.89,0.01,3.47,4.02,0.55
12/1/2025,3.89,0,3.54,4.09,0.55
12/2/2025,3.89,0,3.51,4.09,0.58
12/3/2025,3.89,0,3.49,4.06,0.57
12/4/2025,3.89,0,3.52,4.11,0.59
12/5/2025,3.89,0,3.56,4.14,0.58
12/8/2025,3.89,0,3.57,4.17,0.6
12/9/2025,3.89,0,3.61,4.18,0.57
12/10/2025,3.89,0,3.54,4.13,0.59
12/11/2025,3.64,-0.25,3.52,4.14,0.62
12/12/2025,3.64,0,3.52,4.19,0.67
12/15/2025,3.64,0,3.51,4.18,0.67
12/16/2025,3.64,0,3.48,4.15,0.67
12/17/2025,3.64,0,3.49,4.16,0.67
12/18/2025,3.64,0,3.46,4.12,0.66
12/19/2025,3.64,0,3.48,4.16,0.68
12/22/2025,3.64,0,3.44,4.17,0.73
12/23/2025,3.64,0,3.48,4.18,0.7
12/24/2025,3.64,0,3.47,4.15,0.68
12/25/2025,3.64,0,3.47,4.15,0.68
12/26/2025,3.64,0,3.46,4.14,0.68
12/29/2025,3.64,0,3.45,4.12,0.67
12/30/2025,3.64,0,3.45,4.14,0.69
12/31/2025,3.64,0,3.47,4.18,0.71
1/1/2026,3.64,0,3.47,4.18,0.71
