Date,Close,VIX_return,VIX_volatility_5
1/2/2020,12.47000027,,
1/3/2020,14.02000046,0.117159133,
1/6/2020,13.85000038,-0.012199654,
1/7/2020,13.78999996,-0.004341571,
1/8/2020,13.44999981,-0.024964597,
1/9/2020,12.53999996,-0.07005556,0.069675478
1/10/2020,12.56000042,0.001593662,0.028647222
1/13/2020,12.31999969,-0.019293261,0.028213298
1/14/2020,12.39000034,0.00566579,0.030190119
1/15/2020,12.42000008,0.002418359,0.03182376
1/16/2020,12.31999969,-0.008084149,0.010190898
1/17/2020,12.10000038,-0.018018449,0.011421086
1/21/2020,12.85000038,0.060138357,0.030371748
1/22/2020,12.90999985,0.004658352,0.030397951
1/23/2020,12.97999954,0.005407483,0.030284447
1/24/2020,14.56000042,0.114868396,0.05386455
1/27/2020,18.22999954,0.224790492,0.0919178
1/28/2020,16.28000069,-0.113131161,0.127847381
1/29/2020,16.38999939,0.006733953,0.12767749
1/30/2020,15.48999977,-0.056476716,0.135562305
1/31/2020,18.84000015,0.195787638,0.151339765
2/3/2020,17.96999931,-0.047278615,0.118912175
2/4/2020,16.04999924,-0.112994861,0.118880591
2/5/2020,15.14999962,-0.057708295,0.121055722
2/6/2020,14.96000004,-0.012620532,0.118935926
2/7/2020,15.47000027,0.033522707,0.054425016
2/10/2020,15.03999996,-0.028189366,0.054405108
2/11/2020,15.18000031,0.009265476,0.034902076
2/12/2020,13.73999977,-0.099667522,0.050469091
2/13/2020,14.14999962,0.029403327,0.055187646
2/14/2020,13.68000031,-0.033779663,0.04948614
2/18/2020,14.82999992,0.080717217,0.068008843
2/19/2020,14.38000011,-0.030813791,0.068588916
2/20/2020,15.56000042,0.078865185,0.056114637
2/21/2020,17.07999992,0.093204638,0.064088379
2/24/2020,25.03000069,0.382166949,0.154455561
2/25/2020,27.85000038,0.106757847,0.15319885
2/26/2020,27.55999947,-0.010467553,0.148179042
2/27/2020,39.15999985,0.351290387,0.17268631
2/28/2020,40.11000061,0.023969881,0.18423569
3/2/2020,33.41999817,-0.182471227,0.194979919
3/3/2020,36.81999969,0.096886699,0.194409619
3/4/2020,31.98999977,-0.140617821,0.213302597
3/5/2020,39.61999893,0.213910668,0.164894819
3/6/2020,41.93999863,0.056905978,0.166623925
3/9/2020,54.45999908,0.261226478,0.15708757
3/10/2020,47.29999924,-0.140956191,0.189954206
3/11/2020,53.90000153,0.130620227,0.15790025
3/12/2020,75.47000122,0.336604736,0.186185401
3/13/2020,57.83000183,-0.266227539,0.259184696
3/16/2020,82.69000244,0.357591001,0.280222291
3/17/2020,75.91000366,-0.085550229,0.270036402
3/18/2020,76.44999695,0.007088416,0.271564596
3/19/2020,72,-0.059970773,0.228730686
3/20/2020,66.04000092,-0.086405486,0.188929977
3/23/2020,61.59000015,-0.069761111,0.038536884
3/24/2020,61.66999817,0.001298037,0.042862735
3/25/2020,63.95000076,0.036303981,0.052138526
3/26/2020,61,-0.047227676,0.050953958
3/27/2020,65.54000092,0.071786793,0.058220532
3/30/2020,57.08000183,-0.138206833,0.081621076
3/31/2020,53.54000092,-0.064024769,0.083524046
4/1/2020,57.06000137,0.063674315,0.089497763
4/2/2020,50.90999985,-0.114044005,0.098584127
4/3/2020,46.79999924,-0.084176178,0.078521604
4/6/2020,45.24000168,-0.033901498,0.068165069
4/7/2020,46.70000076,0.031762493,0.075112747
4/8/2020,43.34999847,-0.074437513,0.056320799
4/9/2020,41.66999817,-0.039525267,0.04561999
4/13/2020,41.16999817,-0.01207161,0.03911968
4/14/2020,37.75999832,-0.086459494,0.047958958
4/15/2020,40.84000015,0.0784117,0.065720899
4/16/2020,40.11000061,-0.018036302,0.060104182
4/17/2020,38.15000153,-0.050099897,0.061332822
4/20/2020,43.83000183,0.138792758,0.093459089
4/21/2020,45.40999985,0.035413786,0.075323542
4/22/2020,41.97999954,-0.078539038,0.085687893
4/23/2020,41.38000107,-0.014395605,0.085452971
4/24/2020,35.93000031,-0.141225089,0.107376474
4/27/2020,33.29000092,-0.076315531,0.067576943
4/28/2020,33.56999969,0.008375723,0.059079451
4/29/2020,31.22999954,-0.072253645,0.058662934
4/30/2020,34.15000153,0.089383474,0.088984886
5/1/2020,37.18999863,0.08527724,0.080837517
5/4/2020,35.97000122,-0.033354579,0.071529465
5/5/2020,33.61000061,-0.067861632,0.080931526
5/6/2020,34.11999893,0.015060031,0.070070565
5/7/2020,31.44000053,-0.081802707,0.068082988
5/8/2020,27.97999954,-0.116591032,0.050089804
5/11/2020,27.56999969,-0.014761739,0.052887694
5/12/2020,33.04000092,0.180990762,0.115573577
5/13/2020,35.27999878,0.06559722,0.119729033
5/14/2020,32.61000061,-0.078697188,0.119161939
5/15/2020,31.88999939,-0.022326547,0.100683195
5/18/2020,29.29999924,-0.084704972,0.112011758
5/19/2020,30.53000069,0.041122339,0.068213282
5/20/2020,27.98999977,-0.086862534,0.055648968
5/21/2020,29.53000069,0.053559424,0.066726212
5/22/2020,28.15999985,-0.047504193,0.067900235
5/26/2020,28.01000023,-0.005340928,0.059127967
5/27/2020,27.62000084,-0.014021419,0.052174452
5/28/2020,28.59000015,0.034516833,0.040161634
5/29/2020,27.51000023,-0.038507428,0.032217469
6/1/2020,28.22999954,0.025835643,0.029856353
6/2/2020,26.84000015,-0.050491908,0.037827341
6/3/2020,25.65999985,-0.044959965,0.041318738
6/4/2020,25.80999947,0.00582864,0.034140345
6/5/2020,24.52000046,-0.051272863,0.036240204
6/8/2020,25.80999947,0.051272863,0.045431686
6/9/2020,27.56999969,0.065966221,0.053667272
6/10/2020,27.56999969,0,0.046401584
6/11/2020,40.79000092,0.391708762,0.174034358
6/12/2020,36.09000015,-0.122421153,0.1907371
6/15/2020,34.40000153,-0.047959214,0.199102161
6/16/2020,33.66999817,-0.02144943,0.20198548
6/17/2020,33.47000122,-0.005957627,0.202297586
6/18/2020,32.93999863,-0.015961869,0.047168913
6/19/2020,35.11999893,0.064083055,0.041858744
6/22/2020,31.77000046,-0.100248276,0.058398569
6/23/2020,31.37000084,-0.012670414,0.058322189
6/24/2020,33.84000015,0.07579149,0.071224736
6/25/2020,32.22000122,-0.049056124,0.074783125
6/26/2020,34.72999954,0.075016438,0.077400962
6/29/2020,31.78000069,-0.088766671,0.073855197
6/30/2020,30.43000031,-0.043408209,0.076414987
7/1/2020,28.62000084,-0.06132317,0.063135799
7/2/2020,27.68000031,-0.033395662,0.062557415
7/6/2020,27.94000053,0.009349231,0.036269422
7/7/2020,29.43000031,0.0519552,0.045734238
7/8/2020,28.07999992,-0.046956996,0.046302267
7/9/2020,29.26000023,0.041163827,0.043885138
7/10/2020,27.29000092,-0.069701035,0.053628666
7/13/2020,32.18999863,0.165135434,0.093162223
7/14/2020,29.52000046,-0.086587787,0.104310769
7/15/2020,27.76000023,-0.061471871,0.106151271
7/16/2020,28,0.008608366,0.103791604
7/17/2020,25.68000031,-0.086492019,0.106491081
7/20/2020,24.45999908,-0.048673398,0.039107037
7/21/2020,24.84000015,0.01541617,0.044669592
7/22/2020,24.31999969,-0.021156219,0.042156887
7/23/2020,26.07999992,0.06986969,0.060016186
7/24/2020,25.84000015,-0.009245049,0.044760117
7/27/2020,24.73999977,-0.043502327,0.043356169
7/28/2020,25.44000053,0.027901402,0.044642578
7/29/2020,24.10000038,-0.054110903,0.051355768
7/30/2020,24.76000023,0.027017601,0.038323669
7/31/2020,24.45999908,-0.012190364,0.038324348
8/3/2020,24.28000069,-0.007386098,0.033797699
8/4/2020,23.76000023,-0.02164949,0.029138876
8/5/2020,22.98999977,-0.032944175,0.022596776
8/6/2020,22.64999962,-0.014899494,0.00990573
8/7/2020,22.20999908,-0.019617238,0.009395342
8/10/2020,22.12999916,-0.003608481,0.010659657
8/11/2020,24.03000069,0.082368962,0.046000763
8/12/2020,22.28000069,-0.075613632,0.056844317
8/13/2020,22.12999916,-0.00675533,0.056651726
8/14/2020,22.04999924,-0.003621549,0.056043251
8/17/2020,21.35000038,-0.03226081,0.057758265
8/18/2020,21.51000023,0.007466196,0.033234044
8/19/2020,22.54000092,0.046773595,0.028792801
8/20/2020,22.71999931,0.007954014,0.028382198
8/21/2020,22.54000092,-0.007954014,0.028784504
8/24/2020,22.37000084,-0.007570736,0.02231458
8/25/2020,22.03000069,-0.015315621,0.024960299
8/26/2020,23.27000046,0.054759805,0.028345502
8/27/2020,24.46999931,0.050282852,0.03457223
8/28/2020,22.95999908,-0.063694318,0.049516873
8/31/2020,26.40999985,0.139989189,0.077302739
9/1/2020,26.12000084,-0.011041384,0.076652947
9/2/2020,26.56999969,0.017081412,0.075958044
9/3/2020,33.59999847,0.234743273,0.121515757
9/4/2020,30.75,-0.088636027,0.128357574
9/8/2020,31.45999908,0.022826874,0.120179358
9/9/2020,28.80999947,-0.087994338,0.131904286
9/10/2020,29.70999908,0.030761128,0.131980726
9/11/2020,26.87000084,-0.100473205,0.065516573
9/14/2020,25.85000038,-0.038699838,0.060780134
9/15/2020,25.59000015,-0.01010896,0.054438675
9/16/2020,26.04000092,0.017432196,0.052204113
9/17/2020,26.45999908,0.016000272,0.048914212
9/18/2020,25.82999992,-0.02409752,0.02464149
9/21/2020,27.78000069,0.072779758,0.037090091
9/22/2020,26.86000061,-0.033678148,0.042138081
9/23/2020,28.57999992,0.062068956,0.048445425
9/24/2020,28.51000023,-0.002452259,0.04938805
9/25/2020,26.37999916,-0.077648795,0.063698961
9/28/2020,26.19000053,-0.007228437,0.050940207
9/29/2020,26.27000046,0.003049942,0.049625585
9/30/2020,26.37000084,0.003799411,0.034698438
10/1/2020,26.70000076,0.012436562,0.036740806
10/2/2020,27.62999916,0.034238515,0.015606634
10/5/2020,27.95999908,0.011872776,0.01261235
10/6/2020,29.47999954,0.052937167,0.020165478
10/7/2020,28.05999947,-0.049366996,0.038521491
10/8/2020,26.36000061,-0.062497323,0.051053278
10/9/2020,25,-0.052971908,0.050227716
10/12/2020,25.06999969,0.002796075,0.048934927
10/13/2020,26.06999969,0.039113316,0.043773585
10/14/2020,26.39999962,0.012578779,0.043772411
10/15/2020,26.96999931,0.021361116,0.034833679
10/16/2020,27.40999985,0.016182793,0.013417289
10/19/2020,29.18000031,0.062575649,0.020691867
10/20/2020,29.35000038,0.005809006,0.022455868
10/21/2020,28.64999962,-0.024139129,0.031274717
10/22/2020,28.11000061,-0.019028023,0.034688995
10/23/2020,27.54999924,-0.020122899,0.036379801
10/26/2020,32.45999908,0.164006026,0.080641027
10/27/2020,33.34999847,0.027049193,0.080178772
10/28/2020,40.27999878,0.188797311,0.101026654
10/29/2020,37.59000015,-0.069116976,0.113539645
10/30/2020,38.02000046,0.011374287,0.108891736
11/2/2020,37.13000107,-0.023687052,0.097762617
11/3/2020,35.54999924,-0.043485162,0.102697126
11/4/2020,29.56999969,-0.184179811,0.074452772
11/5/2020,27.57999992,-0.069669454,0.074466719
11/6/2020,24.86000061,-0.103830759,0.063065468
11/9/2020,25.75,0.035174516,0.080459981
11/10/2020,24.79999924,-0.037591005,0.081045192
11/11/2020,23.45000076,-0.055973095,0.051631873
11/12/2020,25.35000038,0.077908218,0.072821919
11/13/2020,23.10000038,-0.092946111,0.069666471
11/16/2020,22.45000076,-0.028541986,0.063850786
11/17/2020,22.70999908,0.011514668,0.065648193
11/18/2020,23.84000015,0.048559533,0.067006563
11/19/2020,23.11000061,-0.031099398,0.052914249
11/20/2020,23.70000076,0.02520963,0.034555939
11/23/2020,22.65999985,-0.044873831,0.039018063
11/24/2020,21.63999939,-0.046057823,0.043674558
11/25/2020,21.25,-0.01818653,0.029253486
11/27/2020,20.84000015,-0.019482671,0.028908841
11/30/2020,20.56999969,-0.013040535,0.015834353
12/1/2020,20.77000046,0.009675971,0.019864154
12/2/2020,21.17000008,0.019075429,0.017617056
12/3/2020,21.28000069,0.005182608,0.01607473
12/4/2020,20.79000092,-0.023295551,0.017291183
12/7/2020,21.29999924,0.024234891,0.018514443
12/8/2020,20.68000031,-0.029539972,0.024441677
12/9/2020,22.27000046,0.074073437,0.041842449
12/10/2020,22.52000046,0.011163322,0.041751007
12/11/2020,23.30999947,0.034478607,0.037557508
12/14/2020,24.71999931,0.058730175,0.040888684
12/15/2020,22.88999939,-0.076912498,0.059378536
12/16/2020,22.5,-0.017184798,0.052326768
12/17/2020,21.93000031,-0.025659733,0.053306466
12/18/2020,21.56999969,-0.01655213,0.048447854
12/21/2020,25.15999985,0.15395198,0.087724288
12/22/2020,24.22999954,-0.03766391,0.080156359
12/23/2020,23.30999947,-0.038709086,0.082614169
12/24/2020,21.53000069,-0.079435087,0.091014159
12/28/2020,21.70000076,0.007864952,0.090805761
12/29/2020,23.07999992,0.061654143,0.053853573
12/30/2020,22.77000046,-0.013522538,0.05263509
12/31/2020,22.75,-0.000878755,0.050592462
1/4/2021,26.96999931,0.170159966,0.075582937
1/5/2021,25.34000015,-0.062340931,0.089465374
1/6/2021,25.06999969,-0.010712281,0.089122319
1/7/2021,22.37000084,-0.113951087,0.107096171
1/8/2021,21.55999947,-0.036881092,0.108077911
1/11/2021,24.07999992,0.110541896,0.083660581
1/12/2021,23.32999992,-0.031641535,0.081108733
1/13/2021,22.20999908,-0.049197486,0.082236995
1/14/2021,23.25,0.045762535,0.06855247
1/15/2021,24.34000015,0.045815962,0.064985706
1/19/2021,23.23999977,-0.046246172,0.048737703
1/20/2021,21.57999992,-0.074107966,0.0570711
1/21/2021,21.31999969,-0.012121371,0.053936132
1/22/2021,21.90999985,0.027297562,0.049792361
1/25/2021,23.19000053,0.056778028,0.053099005
1/26/2021,23.02000046,-0.007357751,0.049101584
1/27/2021,37.20999908,0.480214095,0.209410979
1/28/2021,30.20999908,-0.208404553,0.251876361
1/29/2021,33.09000015,0.091058161,0.25080432
2/1/2021,30.23999977,-0.090065583,0.262870418
2/2/2021,25.55999947,-0.168136935,0.281300774
2/3/2021,22.90999985,-0.109455119,0.115152644
2/4/2021,21.77000046,-0.051040594,0.097197466
2/5/2021,20.87000084,-0.042220135,0.050647792
2/8/2021,21.23999977,0.017573424,0.070685391
2/9/2021,21.62999916,0.018195016,0.053464244
2/10/2021,21.98999977,0.016506593,0.035228071
2/11/2021,21.25,-0.034230899,0.030617601
2/12/2021,19.96999931,-0.062125782,0.037266206
2/16/2021,21.45999908,0.071959581,0.051941886
2/17/2021,21.5,0.001862241,0.051181579
2/18/2021,22.48999977,0.045017821,0.055087485
2/19/2021,22.04999924,-0.019758189,0.052879835
2/22/2021,23.45000076,0.06155796,0.039455727
2/23/2021,23.11000061,-0.014605077,0.036488817
2/24/2021,21.34000015,-0.079682198,0.056475159
2/25/2021,28.88999939,0.30291224,0.149963033
2/26/2021,27.95000076,-0.033078266,0.151623066
3/1/2021,23.35000038,-0.179820226,0.181482933
3/2/2021,24.10000038,0.031614856,0.181784324
3/3/2021,26.67000008,0.101327485,0.177841352
3/4/2021,28.56999969,0.068817865,0.111138798
3/5/2021,24.65999985,-0.147174714,0.129288069
3/8/2021,25.46999931,0.03231877,0.09643273
3/9/2021,24.03000069,-0.058198184,0.101357527
3/10/2021,22.55999947,-0.063124675,0.085455565
3/11/2021,21.90999985,-0.029235256,0.064889191
3/12/2021,20.69000053,-0.057292629,0.0399722
3/15/2021,20.03000069,-0.032419334,0.015921447
3/16/2021,19.79000092,-0.012054378,0.02110207
3/17/2021,19.22999954,-0.02870527,0.016249636
3/18/2021,21.57999992,0.11529542,0.068098696
3/19/2021,20.95000076,-0.029628274,0.063560978
3/22/2021,18.87999916,-0.104035567,0.079473805
3/23/2021,20.29999924,0.072517732,0.087959652
3/24/2021,21.20000076,0.043380369,0.086937532
3/25/2021,19.80999947,-0.067814384,0.074121371
3/26/2021,18.86000061,-0.049143524,0.075446912
3/29/2021,20.73999977,0.095020882,0.073174083
3/30/2021,19.61000061,-0.05602452,0.072153095
3/31/2021,19.39999962,-0.010766625,0.06656383
4/1/2021,17.32999992,-0.112833947,0.077221321
4/5/2021,17.90999985,0.032920108,0.079944698
4/6/2021,18.12000084,0.011657139,0.058219853
4/7/2021,17.15999985,-0.054435262,0.058025859
4/8/2021,16.95000076,-0.012313206,0.057923777
4/9/2021,16.69000053,-0.015458109,0.03274979
4/12/2021,16.90999985,0.013095384,0.027390465
4/13/2021,16.64999962,-0.01549496,0.024154236
4/14/2021,16.98999977,0.020214729,0.017255154
4/15/2021,16.56999969,-0.025031109,0.01989287
4/16/2021,16.25,-0.019500904,0.020520122
4/19/2021,17.29000092,0.062035444,0.036760009
4/20/2021,18.68000031,0.077325096,0.046357453
4/21/2021,17.5,-0.065252568,0.06106832
4/22/2021,18.70999908,0.06685721,0.063215746
4/23/2021,17.32999992,-0.076618992,0.076807771
4/26/2021,17.63999939,0.017729917,0.072130869
4/27/2021,17.55999947,-0.004545458,0.059516129
4/28/2021,17.28000069,-0.016073755,0.052205659
4/29/2021,17.61000061,0.018917154,0.039011051
4/30/2021,18.61000061,0.055232146,0.027323194
5/3/2021,18.30999947,-0.016251774,0.030305367
5/4/2021,19.47999954,0.061940945,0.037463955
5/5/2021,19.14999962,-0.017085579,0.037714504
5/6/2021,18.38999939,-0.04049569,0.046657092
5/7/2021,16.69000053,-0.096997236,0.057161406
5/10/2021,19.65999985,0.163776337,0.101226856
5/11/2021,21.84000015,0.105157051,0.107941614
5/12/2021,27.59000015,0.233710236,0.138638493
5/13/2021,23.12999916,-0.176322954,0.174986834
5/14/2021,18.80999947,-0.206741825,0.202159167
5/17/2021,19.71999931,0.047244699,0.188242298
5/18/2021,21.34000015,0.078949939,0.184939395
5/19/2021,22.18000031,0.038607743,0.136253425
5/20/2021,20.67000008,-0.070507618,0.117409913
5/21/2021,20.14999962,-0.025479108,0.060475413
5/24/2021,18.39999962,-0.090853626,0.07183057
5/25/2021,18.84000015,0.023631633,0.056610118
5/26/2021,17.36000061,-0.081813533,0.047748345
5/27/2021,16.73999977,-0.036367693,0.046324433
5/28/2021,16.76000023,0.001194057,0.050109184
6/1/2021,17.89999962,0.065805583,0.056467951
6/2/2021,17.47999954,-0.023743347,0.054288261
6/3/2021,18.04000092,0.031534221,0.041585155
6/4/2021,16.42000008,-0.094091457,0.060557103
6/7/2021,16.42000008,0,0.060534539
6/8/2021,17.06999969,0.03882241,0.053543674
6/9/2021,17.88999939,0.046919344,0.057984285
6/10/2021,16.10000038,-0.105422568,0.072606643
6/11/2021,15.64999962,-0.028348403,0.061572707
6/14/2021,16.38999939,0.046200463,0.066633265
6/15/2021,17.02000046,0.037717795,0.066472491
6/16/2021,18.14999962,0.06428139,0.069937694
6/17/2021,17.75,-0.022285024,0.0420881
6/18/2021,20.70000076,0.153748221,0.063604419
6/21/2021,17.88999939,-0.145891874,0.111176197
6/22/2021,16.65999985,-0.071231236,0.116762745
6/23/2021,16.31999969,-0.020619297,0.110294568
6/24/2021,15.97000027,-0.021679352,0.110293488
6/25/2021,15.61999989,-0.022159842,0.054513523
6/28/2021,15.76000023,0.008922962,0.028834675
6/29/2021,16.02000046,0.016362871,0.018885654
6/30/2021,15.82999992,-0.011931101,0.017782761
7/1/2021,15.47999954,-0.02235803,0.017933389
7/2/2021,15.06999969,-0.026842846,0.019060067
7/6/2021,16.44000053,0.08701143,0.047022922
7/7/2021,16.20000076,-0.014706133,0.047762594
7/8/2021,19,0.15942769,0.083308573
7/9/2021,16.18000031,-0.160663049,0.121805577
7/12/2021,16.17000008,-0.000618252,0.120441642
7/13/2021,17.12000084,0.057089741,0.116594552
7/14/2021,16.32999992,-0.047243517,0.119067836
7/15/2021,17.01000023,0.040797518,0.087350572
7/16/2021,18.45000076,0.081262992,0.050774868
7/19/2021,22.5,0.198450897,0.088479977
7/20/2021,19.72999954,-0.131375012,0.125613988
7/21/2021,17.90999985,-0.096781089,0.134694973
7/22/2021,17.69000053,-0.012359669,0.134589996
7/23/2021,17.20000076,-0.02809011,0.128419433
7/26/2021,17.57999992,0.02185246,0.062983864
7/27/2021,19.36000061,0.096447225,0.070739512
7/28/2021,18.30999947,-0.055761784,0.058594395
7/29/2021,17.70000076,-0.033882647,0.060881027
7/30/2021,18.23999977,0.030052289,0.059688425
8/2/2021,19.45999908,0.064744058,0.064400958
8/3/2021,18.04000092,-0.075769464,0.059363262
8/4/2021,17.96999931,-0.003887903,0.05460959
8/5/2021,17.28000069,-0.039153859,0.055382178
8/6/2021,16.14999962,-0.067629777,0.057211674
8/9/2021,16.71999931,0.034685541,0.045989351
8/10/2021,16.79000092,0.004177959,0.0397215
8/11/2021,16.17000008,-0.037625847,0.040357982
8/12/2021,15.59000015,-0.036527985,0.040080597
8/13/2021,15.44999981,-0.009020702,0.030245742
8/16/2021,16.12000084,0.042451798,0.033105428
8/17/2021,17.90999985,0.105298418,0.06100672
8/18/2021,21.56999969,0.185944239,0.089826558
8/19/2021,21.67000008,0.004625373,0.080436864
8/20/2021,18.55999947,-0.15492012,0.127239655
8/23/2021,17.14999962,-0.079010547,0.137076688
8/24/2021,17.21999931,0.004073308,0.127030952
8/25/2021,16.79000092,-0.025287934,0.067764905
8/26/2021,18.84000015,0.115198752,0.100315412
8/27/2021,16.38999939,-0.139310922,0.095505325
8/30/2021,16.19000053,-0.012277555,0.090583446
8/31/2021,16.47999954,0.017753696,0.091375371
9/1/2021,16.11000061,-0.022707262,0.091266072
9/2/2021,16.40999985,0.018450661,0.065030119
9/3/2021,16.40999985,0,0.018177467
9/7/2021,18.13999939,0.100228515,0.046449684
9/8/2021,17.95999908,-0.009972399,0.04879054
9/9/2021,18.79999924,0.045709817,0.044176129
9/10/2021,20.95000076,0.108281854,0.054836473
9/13/2021,19.37000084,-0.078413162,0.078434608
9/14/2021,19.45999908,0.004635509,0.069096185
9/15/2021,18.18000031,-0.068038924,0.0783966
9/16/2021,18.69000053,0.027666545,0.076293705
9/17/2021,20.80999947,0.107444965,0.075993871
9/20/2021,25.70999908,0.211446371,0.106811655
9/21/2021,24.36000061,-0.053937518,0.1166947
9/22/2021,20.87000084,-0.154629707,0.141448527
9/23/2021,18.62999916,-0.113539622,0.154889289
9/24/2021,17.75,-0.048387624,0.142918262
9/27/2021,18.76000023,0.05534144,0.079452184
9/28/2021,23.25,0.214578176,0.148167485
9/29/2021,22.55999947,-0.030126729,0.126524785
9/30/2021,23.13999939,0.025384292,0.104403389
10/1/2021,21.10000038,-0.092289637,0.115323249
10/4/2021,22.95999908,0.084480473,0.117353266
10/5/2021,21.29999924,-0.075046495,0.072978765
10/6/2021,21,-0.014184599,0.07263772
10/7/2021,19.54000092,-0.072058744,0.0723897
10/8/2021,18.77000046,-0.040203818,0.065269675
10/11/2021,20,0.063472399,0.056702647
10/12/2021,19.85000038,-0.007528247,0.050252606
10/13/2021,18.63999939,-0.06289425,0.054789562
10/14/2021,16.86000061,-0.100365788,0.062004702
10/15/2021,16.29999924,-0.033778928,0.061793739
10/18/2021,16.30999947,0.000613323,0.041556007
10/19/2021,15.69999981,-0.038117684,0.037487376
10/20/2021,15.48999977,-0.013466061,0.038715156
10/21/2021,15.01000023,-0.031477979,0.016315556
10/22/2021,15.43000031,0.027597025,0.026388412
10/25/2021,15.23999977,-0.012390151,0.025590092
10/26/2021,15.97999954,0.047414376,0.032683849
10/27/2021,16.97999954,0.060698242,0.039215436
10/28/2021,16.53000069,-0.026859201,0.037775688
10/29/2021,16.26000023,-0.016468835,0.040402721
11/1/2021,16.40999985,0.009182778,0.038454935
11/2/2021,16.03000069,-0.023428886,0.036428697
11/3/2021,15.10000038,-0.05976724,0.024719417
11/4/2021,15.43999958,0.022266748,0.031787264
11/5/2021,16.47999954,0.065185979,0.047207668
11/8/2021,17.21999931,0.043923962,0.050821002
11/9/2021,17.78000069,0.03200281,0.047758605
11/10/2021,18.72999954,0.052052223,0.016776343
11/11/2021,17.65999985,-0.058824305,0.049403836
11/12/2021,16.29000092,-0.080750708,0.062484019
11/15/2021,16.48999977,0.012202644,0.058069389
11/16/2021,16.37000084,-0.00730368,0.053682676
11/17/2021,17.11000061,0.044212681,0.05123783
11/18/2021,17.59000015,0.027667444,0.04857988
11/19/2021,17.90999985,0.01802864,0.019038301
11/22/2021,19.17000008,0.067987353,0.028219178
11/23/2021,19.37999916,0.010895002,0.022848267
11/24/2021,18.57999992,-0.042155834,0.039528211
11/26/2021,28.62000084,0.432020074,0.191111516
11/29/2021,22.95999908,-0.220352272,0.23946535
11/30/2021,27.19000053,0.169095747,0.245588693
12/1/2021,31.12000084,0.135001448,0.244402955
12/2/2021,27.95000076,-0.107433499,0.255054046
12/3/2021,30.67000008,0.092867754,0.169250636
12/6/2021,27.18000031,-0.120803561,0.137735997
12/7/2021,21.88999939,-0.216451536,0.150361569
12/8/2021,19.89999962,-0.095310171,0.112594343
12/9/2021,21.57999992,0.081047244,0.134482229
12/10/2021,18.69000053,-0.143778306,0.110347137
12/13/2021,20.30999947,0.083124699,0.135191344
12/14/2021,21.88999939,0.074916534,0.110506887
12/15/2021,19.29000092,-0.126443009,0.117852709
12/16/2021,20.56999969,0.064246814,0.114946044
12/17/2021,21.56999969,0.047469757,0.087725769
12/20/2021,22.87000084,0.058522598,0.084539497
12/21/2021,21.01000023,-0.084827519,0.090350365
12/22/2021,18.62999916,-0.120225386,0.088336541
12/23/2021,17.95999908,-0.036626128,0.079037052
12/27/2021,17.68000031,-0.015712937,0.068471363
12/28/2021,17.54000092,-0.007950035,0.048010801
12/29/2021,16.95000076,-0.03421616,0.044873744
12/30/2021,17.32999992,0.02217122,0.023808815
12/31/2021,17.21999931,-0.00636764,0.020364703
1/3/2022,16.60000038,-0.036668741,0.024062755
1/4/2022,16.90999985,0.018502436,0.027938277
1/5/2022,19.72999954,0.154235143,0.073134259
1/6/2022,19.61000061,-0.006100626,0.074996267
1/7/2022,18.76000023,-0.044312716,0.08063634
1/10/2022,19.39999962,0.033546091,0.07482961
1/11/2022,18.40999985,-0.052379059,0.083984522
1/12/2022,17.62000084,-0.043859319,0.036175971
1/13/2022,20.30999947,0.142078681,0.0832113
1/14/2022,19.19000053,-0.056724011,0.085284515
1/18/2022,22.79000092,0.171932546,0.114503958
1/19/2022,23.85000038,0.04546235,0.104343661
1/20/2022,25.59000015,0.070417423,0.089637442
1/21/2022,28.85000038,0.11990835,0.085939127
1/24/2022,29.89999962,0.035748461,0.056809396
1/25/2022,31.15999985,0.041276748,0.034694154
1/26/2022,31.95999908,0.025349876,0.038164794
1/27/2022,30.48999977,-0.047086339,0.059330999
1/28/2022,27.65999985,-0.097411433,0.061187387
1/31/2022,24.82999992,-0.107934724,0.068552238
2/1/2022,21.95999908,-0.122830021,0.060411246
2/2/2022,22.09000015,0.005902449,0.05289777
2/3/2022,24.35000038,0.097406841,0.094387518
2/4/2022,23.21999931,-0.047517918,0.08999287
2/7/2022,22.86000061,-0.015625262,0.08022715
2/8/2022,21.44000053,-0.064130324,0.063290747
2/9/2022,19.95999908,-0.071528136,0.069215218
2/10/2022,23.90999985,0.18056655,0.105200819
2/11/2022,27.36000061,0.13478534,0.117111929
2/14/2022,28.32999992,0.034839196,0.114027694
2/15/2022,25.70000076,-0.09743029,0.122500017
2/16/2022,24.29000092,-0.056426241,0.11932337
2/17/2022,28.11000061,0.146060626,0.109719466
2/18/2022,27.75,-0.012889566,0.094008156
2/22/2022,28.80999947,0.03748669,0.094240683
2/23/2022,31.02000046,0.073909642,0.078218023
2/24/2022,30.31999969,-0.022824622,0.06901943
2/25/2022,27.59000015,-0.094354157,0.064007753
2/28/2022,30.14999962,0.088731517,0.075479682
3/1/2022,33.31999969,0.099972898,0.084445077
3/2/2022,30.73999977,-0.080593077,0.091883531
3/3/2022,30.47999954,-0.008494015,0.091285844
3/4/2022,31.97999954,0.048039977,0.074804008
3/7/2022,36.45000076,0.130830786,0.084830707
3/8/2022,35.13000107,-0.036885983,0.081842637
3/9/2022,32.45000076,-0.07935503,0.081498993
3/10/2022,30.22999954,-0.070865673,0.089569398
3/11/2022,30.75,0.017055201,0.086283924
3/14/2022,31.77000046,0.032632468,0.050642622
3/15/2022,29.82999992,-0.063007867,0.053140823
3/16/2022,26.67000008,-0.111975255,0.061624494
3/17/2022,25.67000008,-0.038216343,0.059113184
3/18/2022,23.87000084,-0.072700522,0.053596396
3/21/2022,23.53000069,-0.014346244,0.036846162
3/22/2022,22.94000053,-0.025394097,0.039811511
3/23/2022,23.56999969,0.027092569,0.036321113
3/24/2022,21.67000008,-0.084045885,0.045262792
3/25/2022,20.80999947,-0.040495204,0.040385944
3/28/2022,19.62999916,-0.058374649,0.041599579
3/29/2022,18.89999962,-0.037897064,0.041157809
3/30/2022,19.32999992,0.022496387,0.039330544
3/31/2022,20.55999947,0.061689125,0.050602182
4/1/2022,19.62999916,-0.046288449,0.051518257
4/4/2022,18.56999969,-0.055511607,0.050881417
4/5/2022,21.03000069,0.124402663,0.075384144
4/6/2022,22.10000038,0.049627603,0.076455463
4/7/2022,21.54999924,-0.025201845,0.076413154
4/8/2022,21.15999985,-0.018263181,0.072219331
4/11/2022,24.37000084,0.141240302,0.077589901
4/12/2022,24.26000023,-0.004523989,0.069494586
4/13/2022,21.81999969,-0.106001947,0.089640759
4/14/2022,22.70000076,0.039537992,0.090224614
4/18/2022,22.17000008,-0.023624931,0.090681129
4/19/2022,21.37000084,-0.036751918,0.053098096
4/20/2022,20.31999969,-0.050382501,0.052357623
4/21/2022,22.68000031,0.109877885,0.066679784
4/22/2022,28.20999908,0.218193,0.116922743
4/25/2022,27.02000046,-0.043099143,0.120000052
4/26/2022,33.52000046,0.21556494,0.13230434
4/27/2022,31.60000038,-0.058985157,0.134622447
4/28/2022,29.98999977,-0.052293148,0.14708594
4/29/2022,33.40000153,0.107691961,0.122915729
5/2/2022,32.34000015,-0.032251087,0.121304741
5/3/2022,29.25,-0.100425285,0.079409139
5/4/2022,25.42000008,-0.140343305,0.094448369
5/5/2022,31.20000076,0.204881851,0.144985205
5/6/2022,30.19000053,-0.032907358,0.134014043
5/9/2022,34.75,0.140668811,0.151323715
5/10/2022,32.99000168,-0.051975036,0.14348276
5/11/2022,32.56000137,-0.013119953,0.115612159
5/12/2022,31.77000046,-0.024562121,0.077913238
5/13/2022,28.87000084,-0.09571944,0.089480451
5/16/2022,27.46999931,-0.049708548,0.031847235
5/17/2022,26.10000038,-0.051159146,0.031817557
5/18/2022,30.95999908,0.17076069,0.104289404
5/19/2022,29.35000038,-0.05340346,0.106073178
5/20/2022,29.43000031,0.002722013,0.096219714
5/23/2022,28.47999954,-0.032812502,0.094143134
5/24/2022,29.45000076,0.033491866,0.08845958
5/25/2022,28.37000084,-0.037361658,0.035096699
5/26/2022,27.5,-0.031146274,0.030512235
5/27/2022,25.71999931,-0.066917132,0.036779651
5/31/2022,26.19000053,0.018108806,0.041497634
6/1/2022,25.69000053,-0.019275847,0.030870265
6/2/2022,24.71999931,-0.038489227,0.030965945
6/3/2022,24.79000092,0.002827778,0.033593808
6/6/2022,25.06999969,0.011231517,0.023366697
6/7/2022,24.02000046,-0.042785064,0.024091237
6/8/2022,23.95999908,-0.002501101,0.024901377
6/9/2022,26.09000015,0.08516637,0.046482193
6/10/2022,27.75,0.061683735,0.051177619
6/13/2022,34.02000046,0.20371276,0.094545131
6/14/2022,32.68999863,-0.039879422,0.093752913
6/15/2022,29.62000084,-0.098619342,0.117131324
6/16/2022,32.95000076,0.106541447,0.119448969
6/17/2022,31.12999916,-0.056819327,0.127232548
6/21/2022,30.19000053,-0.030661196,0.077431725
6/22/2022,28.95000076,-0.041940531,0.07754355
6/23/2022,29.04999924,0.003448227,0.065602987
6/24/2022,27.22999954,-0.064699167,0.026712654
6/27/2022,26.95000076,-0.010335964,0.026672783
6/28/2022,28.36000061,0.050996398,0.044391213
6/29/2022,28.15999985,-0.007077197,0.0412381
6/30/2022,28.70999908,0.019342936,0.042690638
7/1/2022,26.70000076,-0.072581868,0.04561403
7/5/2022,27.54000092,0.030975933,0.047850565
7/6/2022,26.72999954,-0.029853014,0.04135912
7/7/2022,26.07999992,-0.024617779,0.041597499
7/8/2022,24.63999939,-0.05679762,0.039612908
7/11/2022,26.17000008,0.060242606,0.048040315
7/12/2022,27.29000092,0.041906649,0.05022926
7/13/2022,26.81999969,-0.017372502,0.048777268
7/14/2022,26.39999962,-0.015783871,0.047782052
7/15/2022,24.22999954,-0.08577248,0.057525821
7/18/2022,25.29999924,0.04321285,0.05315721
7/19/2022,24.5,-0.032131248,0.046047297
7/20/2022,23.87999916,-0.025631864,0.046007227
7/21/2022,23.11000061,-0.032775803,0.045948033
7/22/2022,23.03000069,-0.003467707,0.032121008
7/25/2022,23.36000061,0.01422744,0.020646818
7/26/2022,24.69000053,0.055373141,0.035355126
7/27/2022,23.23999977,-0.060523403,0.044357534
7/28/2022,22.32999992,-0.03994386,0.045561645
7/29/2022,21.32999992,-0.045816534,0.048606303
8/1/2022,22.84000015,0.068398863,0.061239248
8/2/2022,23.93000031,0.046619523,0.05919043
8/3/2022,21.95000076,-0.08636574,0.065865836
8/4/2022,21.44000053,-0.023508813,0.06448215
8/5/2022,21.14999962,-0.013618474,0.061307807
8/8/2022,21.29000092,0.006597634,0.048544663
8/9/2022,21.77000046,0.022295374,0.041677176
8/10/2022,19.73999977,-0.097885874,0.046389887
8/11/2022,20.20000076,0.02303562,0.05032024
8/12/2022,19.53000069,-0.033730862,0.051285058
8/15/2022,19.95000076,0.021277402,0.0532791
8/16/2022,19.69000053,-0.013118262,0.049643623
8/17/2022,19.89999962,0.010608793,0.024457822
8/18/2022,19.55999947,-0.017233075,0.022163012
8/19/2022,20.60000038,0.051804457,0.028058097
8/22/2022,23.79999924,0.144394454,0.066872462
8/23/2022,24.11000061,0.012941169,0.063063321
8/24/2022,22.81999969,-0.054989386,0.076276567
8/25/2022,21.78000069,-0.046645182,0.08153075
8/26/2022,25.55999947,0.16003646,0.103101857
8/29/2022,26.20999908,0.025112374,0.086238983
8/30/2022,26.20999908,0,0.086670322
8/31/2022,25.87000084,-0.013056954,0.079751461
9/1/2022,25.55999947,-0.01205542,0.073204821
9/2/2022,25.46999931,-0.003527347,0.015462877
9/6/2022,26.90999985,0.054996697,0.02834589
9/7/2022,24.63999939,-0.088126845,0.050882545
9/8/2022,23.61000061,-0.042700737,0.052680202
9/9/2022,22.79000092,-0.035348494,0.053020661
9/12/2022,23.87000084,0.046300592,0.061574629
9/13/2022,27.27000046,0.133164738,0.087579223
9/14/2022,26.15999985,-0.041555693,0.077394579
9/15/2022,26.27000046,0.0041961,0.071748117
9/16/2022,26.29999924,0.001141289,0.066178614
9/19/2022,25.76000023,-0.020746,0.068461172
9/20/2022,27.15999985,0.052922387,0.035262209
9/21/2022,27.98999977,0.030101998,0.028468566
9/22/2022,27.35000038,-0.023130753,0.032973477
9/23/2022,29.92000008,0.089810613,0.048508344
9/26/2022,32.25999832,0.075300865,0.044307583
9/27/2022,32.59999847,0.010484221,0.046424965
9/28/2022,30.18000031,-0.077132778,0.069274085
9/29/2022,31.84000015,0.053543902,0.067158926
9/30/2022,31.62000084,-0.006933507,0.059232243
10/3/2022,30.10000038,-0.049264674,0.051090211
10/4/2022,29.06999969,-0.03481848,0.049691391
10/5/2022,28.54999924,-0.018049795,0.039571461
10/6/2022,30.52000046,0.066725312,0.045019207
10/7/2022,31.36000061,0.027150994,0.047804129
10/10/2022,32.45000076,0.034167252,0.041123904
10/11/2022,33.63000107,0.035718091,0.030463228
10/12/2022,33.56999969,-0.001785756,0.024436539
10/13/2022,31.94000053,-0.049773642,0.036219241
10/14/2022,32.02000046,0.002501562,0.034796869
10/17/2022,31.37000084,-0.020508673,0.031440845
10/18/2022,30.5,-0.028125365,0.021152799
10/19/2022,30.76000023,0.008488468,0.023659037
10/20/2022,29.97999954,-0.025684675,0.016937767
10/21/2022,29.69000053,-0.009720171,0.014969194
10/24/2022,29.85000038,0.005374546,0.016976411
10/25/2022,28.45999908,-0.047685292,0.023294486
10/26/2022,27.28000069,-0.042345702,0.02217641
10/27/2022,27.38999939,0.004024103,0.025366765
10/28/2022,25.75,-0.061743334,0.031105454
10/31/2022,25.87999916,0.00503581,0.031013532
11/1/2022,25.80999947,-0.002708444,0.030593136
11/2/2022,25.86000061,0.001935404,0.028693879
11/3/2022,25.29999924,-0.021893031,0.027694546
11/4/2022,24.54999924,-0.030092542,0.015538771
11/7/2022,24.35000038,-0.008179958,0.013417872
11/8/2022,25.54000092,0.047714021,0.030455022
11/9/2022,26.09000015,0.021306219,0.03227491
11/10/2022,23.53000069,-0.103275873,0.057699427
11/11/2022,22.52000046,-0.043872408,0.058945684
11/14/2022,23.72999954,0.052336228,0.06694646
11/15/2022,24.54000092,0.033564425,0.064403488
11/16/2022,24.11000061,-0.017677759,0.062295677
11/17/2022,23.93000031,-0.007493803,0.039058515
11/18/2022,23.12000084,-0.034434835,0.036337969
11/21/2022,22.36000061,-0.033424405,0.027798065
11/22/2022,21.29000092,-0.049036154,0.016121022
11/23/2022,20.35000038,-0.045156591,0.016229703
11/25/2022,20.5,0.007343956,0.022436742
11/28/2022,22.20999908,0.080117711,0.054109014
11/29/2022,21.88999939,-0.014512713,0.052528094
11/30/2022,20.57999992,-0.061710157,0.055453985
12/1/2022,19.84000015,-0.036619617,0.054091826
12/2/2022,19.05999947,-0.040108239,0.055512042
12/5/2022,20.75,0.084954376,0.057578153
12/6/2022,22.17000008,0.06619378,0.067683757
12/7/2022,22.68000031,0.022743465,0.057396942
12/8/2022,22.29000092,-0.017345304,0.053183863
12/9/2022,22.82999992,0.023937269,0.04023405
12/12/2022,25,0.090800368,0.042052641
12/13/2022,22.54999924,-0.103140793,0.071091634
12/14/2022,21.13999939,-0.064568081,0.075724395
12/15/2022,22.82999992,0.076908506,0.0857687
12/16/2022,22.62000084,-0.009240949,0.0851983
12/19/2022,22.42000008,-0.008881087,0.068032031
12/20/2022,21.47999954,-0.042831173,0.053875071
12/21/2022,20.06999969,-0.067896101,0.054735746
12/22/2022,21.96999931,0.090451708,0.060198204
12/23/2022,20.87000084,-0.051365094,0.063337188
12/27/2022,21.64999962,0.036692676,0.067761261
12/28/2022,22.13999939,0.022380463,0.065371677
12/29/2022,21.44000053,-0.032127539,0.056628725
12/30/2022,21.67000008,0.010670458,0.037395991
1/3/2023,22.89999962,0.055208075,0.032855527
1/4/2023,22.01000023,-0.039639988,0.039407452
1/5/2023,22.45999908,0.020239003,0.039159067
1/6/2023,21.12999916,-0.061042117,0.046974596
1/9/2023,21.96999931,0.038984063,0.05058895
1/10/2023,20.57999992,-0.065358128,0.048001423
1/11/2023,21.09000015,0.024479275,0.050402907
1/12/2023,18.82999992,-0.113347663,0.064709466
1/13/2023,18.35000038,-0.025821743,0.063097763
1/17/2023,19.36000061,0.053579518,0.067188673
1/18/2023,20.34000015,0.049380285,0.06963359
1/19/2023,20.52000046,0.008810644,0.068467363
1/20/2023,19.85000038,-0.033196016,0.040617033
1/23/2023,19.80999947,-0.002017193,0.036471383
1/24/2023,19.20000076,-0.031276515,0.033861966
1/25/2023,19.07999992,-0.006269657,0.018596457
1/26/2023,18.72999954,-0.01851417,0.01414369
1/27/2023,18.51000023,-0.011815353,0.011477935
1/30/2023,19.94000053,0.074416652,0.041920125
1/31/2023,19.39999962,-0.027454745,0.041206218
2/1/2023,17.87000084,-0.08214967,0.056267316
2/2/2023,18.72999954,0.047003116,0.062026335
2/3/2023,18.32999992,-0.021587434,0.062642599
2/6/2023,19.43000031,0.058279221,0.057965181
2/7/2023,18.65999985,-0.040436092,0.059483031
2/8/2023,19.62999916,0.050676778,0.046125406
2/9/2023,20.70999908,0.053557666,0.047208231
2/10/2023,20.53000069,-0.008729367,0.044650709
2/13/2023,20.34000015,-0.009297866,0.041277385
2/14/2023,18.90999985,-0.072898524,0.052148783
2/15/2023,18.22999954,-0.036622311,0.046345302
2/16/2023,20.17000008,0.101127792,0.065010124
2/17/2023,20.02000046,-0.007464559,0.064995825
2/21/2023,22.87000084,0.133094248,0.089307238
2/22/2023,22.29000092,-0.025687856,0.078404567
2/23/2023,21.13999939,-0.052971237,0.08227366
2/24/2023,21.67000008,0.024761867,0.072145092
2/27/2023,20.95000076,-0.033790136,0.075037429
2/28/2023,20.70000076,-0.012004946,0.02905662
3/1/2023,20.57999992,-0.00581401,0.029430424
3/2/2023,19.59000015,-0.049300487,0.028300566
3/3/2023,18.48999977,-0.057789207,0.022653721
3/6/2023,18.61000061,0.00646907,0.028214863
3/7/2023,19.59000015,0.051320136,0.044362193
3/8/2023,19.11000061,-0.02480745,0.044617116
3/9/2023,22.61000061,0.168180523,0.087755524
3/10/2023,24.79999924,0.092451309,0.075632598
3/13/2023,26.52000046,0.06705556,0.069796146
3/14/2023,23.72999954,-0.111159131,0.108338323
3/15/2023,26.13999939,0.096726634,0.104181392
3/16/2023,22.98999977,-0.128407356,0.113124907
3/17/2023,25.51000023,0.104011212,0.115494883
3/20/2023,24.14999962,-0.054786177,0.11210258
3/21/2023,21.37999916,-0.121828498,0.114380388
3/22/2023,22.26000023,0.04033549,0.101997707
3/23/2023,22.61000061,0.015600957,0.087288063
3/24/2023,21.73999977,-0.039238442,0.063519754
3/27/2023,20.60000038,-0.053862777,0.063438172
3/28/2023,19.96999931,-0.031059981,0.039827738
3/29/2023,19.12000084,-0.043496162,0.02700302
3/30/2023,19.02000046,-0.00524387,0.018344097
3/31/2023,18.70000076,-0.016967517,0.01959167
4/3/2023,18.54999924,-0.008053817,0.01611982
4/4/2023,19,0.023969231,0.02424277
4/5/2023,19.07999992,0.004201683,0.015584926
4/6/2023,18.39999962,-0.036290018,0.022595611
4/10/2023,18.96999931,0.030508104,0.026756553
4/11/2023,19.10000038,0.006829607,0.026056603
4/12/2023,19.09000015,-0.000523709,0.024019864
4/13/2023,17.79999924,-0.069966231,0.039450779
4/14/2023,17.06999969,-0.041875896,0.040313405
4/17/2023,16.95000076,-0.00705464,0.032443062
4/18/2023,16.82999992,-0.007104875,0.029781088
4/19/2023,16.45999908,-0.022229864,0.026686899
4/20/2023,17.17000008,0.04223054,0.031111584
4/21/2023,16.77000046,-0.023572076,0.026788982
4/24/2023,16.88999939,0.007130092,0.027074114
4/25/2023,18.76000023,0.105005261,0.053742313
4/26/2023,18.84000015,0.004255321,0.049463265
4/27/2023,17.03000069,-0.101005742,0.073890879
4/28/2023,15.77999973,-0.076233236,0.081191462
5/1/2023,16.07999992,0.018832961,0.082051058
5/2/2023,17.78000069,0.10049801,0.080483822
5/3/2023,18.34000015,0.031010206,0.082591058
5/4/2023,20.09000015,0.091137711,0.070838773
5/5/2023,17.19000053,-0.155894336,0.103150796
5/8/2023,16.97999954,-0.012291697,0.103957346
5/9/2023,17.70999908,0.042093246,0.094194711
5/10/2023,16.94000053,-0.044451679,0.093870814
5/11/2023,16.93000031,-0.000590507,0.074740946
5/12/2023,17.03000069,0.005889321,0.031290663
5/15/2023,17.12000084,0.005270885,0.030810401
5/16/2023,17.98999977,0.049568616,0.033341417
5/17/2023,16.87000084,-0.064279089,0.040768354
5/18/2023,16.04999924,-0.049828144,0.046271774
5/19/2023,16.80999947,0.046265114,0.052929487
5/22/2023,17.20999908,0.023516641,0.054221047
5/23/2023,18.53000069,0.07390052,0.060403826
5/24/2023,20.03000069,0.077840107,0.051963747
5/25/2023,19.13999939,-0.04545083,0.050198112
5/26/2023,17.95000076,-0.064190197,0.065951616
5/30/2023,17.45999908,-0.027677659,0.067880378
5/31/2023,17.94000053,0.027120388,0.058175165
6/1/2023,15.64999962,-0.136561994,0.059495331
6/2/2023,14.60000038,-0.069449338,0.060067197
6/5/2023,14.72999954,0.008864645,0.065641389
6/6/2023,13.96000004,-0.053690099,0.06549677
6/7/2023,13.93999958,-0.001433725,0.058539668
6/8/2023,13.64999962,-0.021022882,0.033501273
6/9/2023,13.82999992,0.013100646,0.027339201
6/12/2023,15.01000023,0.081876521,0.050326728
6/13/2023,14.60999966,-0.027010459,0.043688499
6/14/2023,13.88000011,-0.051257239,0.05164906
6/15/2023,14.5,0.043699686,0.053413646
6/16/2023,13.53999996,-0.068500385,0.064367655
6/20/2023,13.88000011,0.024800699,0.048344449
6/21/2023,13.19999981,-0.050232148,0.050763161
6/22/2023,12.90999985,-0.022214622,0.047916832
6/23/2023,13.43999958,0.040233111,0.046878224
6/26/2023,14.25,0.058521603,0.045146692
6/27/2023,13.73999977,-0.036445637,0.048394135
6/28/2023,13.43000031,-0.022820237,0.042797017
6/29/2023,13.53999996,0.008157231,0.040326913
6/30/2023,13.59000015,0.003685975,0.036501079
7/3/2023,13.56999969,-0.001472788,0.019060368
7/5/2023,14.18000031,0.043971091,0.02417539
7/6/2023,15.43999958,0.085128975,0.03664796
7/7/2023,14.82999992,-0.040309366,0.047866111
7/10/2023,15.06999969,0.016053841,0.047244035
7/11/2023,14.84000015,-0.015379744,0.049241031
7/12/2023,13.53999996,-0.091677983,0.065848889
7/13/2023,13.60999966,0.005156527,0.042916914
7/14/2023,13.34000015,-0.02003774,0.042085879
7/17/2023,13.47999954,0.01044002,0.040902574
7/18/2023,13.30000019,-0.013443022,0.040993558
7/19/2023,13.76000023,0.0340018,0.021342309
7/20/2023,13.98999977,0.016576923,0.02219498
7/21/2023,13.60000038,-0.028272952,0.024725827
7/24/2023,13.90999985,0.022538174,0.026085231
7/25/2023,13.85999966,-0.003601026,0.024551057
7/26/2023,13.18999958,-0.049548034,0.030381423
7/27/2023,14.40999985,0.088463465,0.053446463
7/28/2023,13.32999992,-0.077905271,0.064789154
7/31/2023,13.63000011,0.022256126,0.064760377
8/1/2023,13.93000031,0.021771556,0.065791875
8/2/2023,16.09000015,0.144153161,0.083284219
8/3/2023,15.92000008,-0.010621785,0.080537798
8/4/2023,17.10000038,0.071502301,0.060350143
8/7/2023,15.77000046,-0.080969056,0.084826125
8/8/2023,15.98999977,0.013854083,0.085072241
8/9/2023,15.96000004,-0.001877918,0.054689326
8/10/2023,15.85000038,-0.00691607,0.05456184
8/11/2023,14.84000015,-0.065843276,0.042177837
8/14/2023,14.81999969,-0.001348649,0.030856025
8/15/2023,16.45999908,0.10495554,0.061717769
8/16/2023,16.78000069,0.019254602,0.061784602
8/17/2023,17.88999939,0.064054121,0.064989979
8/18/2023,17.29999924,-0.033535406,0.054568031
8/21/2023,17.12999916,-0.009875194,0.055935145
8/22/2023,16.96999931,-0.009384225,0.037408746
8/23/2023,15.97999954,-0.060109127,0.046230355
8/24/2023,17.20000076,0.073571516,0.05006664
8/25/2023,15.68000031,-0.092523394,0.06292586
8/28/2023,15.07999992,-0.039016677,0.063141727
8/29/2023,14.44999981,-0.042674956,0.062772654
8/30/2023,13.88000011,-0.040245438,0.061168937
8/31/2023,13.56999969,-0.022587512,0.026436592
9/1/2023,13.09000015,-0.03601286,0.007929634
9/5/2023,14.01000023,0.067922785,0.046845867
9/6/2023,14.44999981,0.030923025,0.047425086
9/7/2023,14.39999962,-0.003466221,0.042185105
9/8/2023,13.84000015,-0.039665219,0.045755816
9/11/2023,13.80000019,-0.002894355,0.040637018
9/12/2023,14.22999954,0.030683774,0.029338096
9/13/2023,13.47999954,-0.054145308,0.033545611
9/14/2023,12.81999969,-0.050200644,0.036309506
9/15/2023,13.78999996,0.072937261,0.054126968
9/18/2023,14,0.015113641,0.054543955
9/19/2023,14.10999966,0.007826412,0.052552342
9/20/2023,15.14000034,0.070456529,0.050981276
9/21/2023,17.54000092,0.147143768,0.056060876
9/22/2023,17.20000076,-0.019574611,0.066187385
9/25/2023,16.89999962,-0.017595829,0.071206316
9/26/2023,18.94000053,0.113962517,0.075766534
9/27/2023,18.21999931,-0.038756262,0.086566845
9/28/2023,17.34000015,-0.049503874,0.066344954
9/29/2023,17.52000046,0.010327131,0.065742755
10/2/2023,17.61000061,0.005123846,0.0646806
10/3/2023,19.78000069,0.116204404,0.065598054
10/4/2023,18.57999992,-0.062585632,0.070582216
10/5/2023,18.48999977,-0.004855696,0.064715178
10/6/2023,17.45000076,-0.057890341,0.072142814
10/9/2023,17.70000076,0.01422499,0.072443852
10/10/2023,17.03000069,-0.038588148,0.033546676
10/11/2023,16.09000015,-0.056778565,0.032207657
10/12/2023,16.69000053,0.036611799,0.043327053
10/13/2023,19.31999969,0.146331043,0.079993289
10/16/2023,17.20999908,-0.115650256,0.100850631
10/17/2023,17.87999916,0.038192166,0.100419331
10/18/2023,19.21999931,0.072268645,0.095512204
10/19/2023,21.39999962,0.107439536,0.100814052
10/20/2023,21.70999908,0.014382038,0.085272895
10/23/2023,20.37000084,-0.06370967,0.064821034
10/24/2023,18.96999931,-0.071204524,0.07968924
10/25/2023,20.19000053,0.062328711,0.077908814
10/26/2023,20.68000031,0.023979606,0.058226894
10/27/2023,21.27000046,0.028130586,0.059783732
10/30/2023,19.75,-0.074144159,0.062505154
10/31/2023,18.13999939,-0.08503408,0.066293003
11/1/2023,16.87000084,-0.072582465,0.056806372
11/2/2023,15.65999985,-0.074427265,0.047074227
11/3/2023,14.90999985,-0.049077562,0.013244533
11/6/2023,14.89000034,-0.001342249,0.033510059
11/7/2023,14.81000042,-0.005387213,0.035426458
11/8/2023,14.44999981,-0.024608255,0.030778126
11/9/2023,15.28999996,0.056504616,0.039126157
11/10/2023,14.17000008,-0.076071958,0.047691297
11/13/2023,14.76000023,0.040793776,0.053063772
11/14/2023,14.15999985,-0.041499757,0.056055266
11/15/2023,14.18000031,0.001411465,0.055445727
11/16/2023,14.31999969,0.009824598,0.04586031
11/17/2023,13.80000019,-0.036988534,0.034325714
11/20/2023,13.40999985,-0.02866792,0.023294909
11/21/2023,13.35000038,-0.004484272,0.020091497
11/22/2023,12.85000038,-0.038172572,0.021352828
11/24/2023,12.46000004,-0.030820325,0.013652057
11/27/2023,12.68999958,0.018290732,0.023330432
11/28/2023,12.68999958,0,0.023197999
11/29/2023,12.97999954,0.022595427,0.027812516
11/30/2023,12.92000008,-0.004633172,0.021275339
12/1/2023,12.63000011,-0.022701559,0.018338505
12/4/2023,13.07999992,0.035009395,0.022857069
12/5/2023,12.85000038,-0.017740499,0.025280256
12/6/2023,12.97000027,0.009295178,0.023256675
12/7/2023,13.06000042,0.006915137,0.023274083
12/8/2023,12.35000038,-0.055898062,0.03427344
12/11/2023,12.63000011,0.022418851,0.030947583
12/12/2023,12.06999969,-0.045351936,0.035475139
12/13/2023,12.18999958,0.009892899,0.035567934
12/14/2023,12.47999954,0.023511417,0.038477049
12/15/2023,12.27999973,-0.016155425,0.029430405
12/18/2023,12.56000042,0.022545293,0.029455749
12/19/2023,12.52999973,-0.002391447,0.016925353
12/20/2023,13.67000008,0.087077909,0.039636743
12/21/2023,13.64999962,-0.001464163,0.041090281
12/22/2023,13.02999973,-0.046485123,0.048879187
12/26/2023,12.98999977,-0.003074558,0.048821384
12/27/2023,12.43000031,-0.044066883,0.054046449
12/28/2023,12.47000027,0.003212851,0.024679785
12/29/2023,12.44999981,-0.001605174,0.024655697
1/2/2024,13.19999981,0.058496208,0.036580197
1/3/2024,14.03999996,0.061693581,0.044649425
1/4/2024,14.13000011,0.006389809,0.031603945
1/5/2024,13.35000038,-0.056783791,0.048902242
1/8/2024,13.07999992,-0.020432073,0.051047152
1/9/2024,12.76000023,-0.024769044,0.044363383
1/10/2024,12.68999958,-0.005501047,0.023887126
1/11/2024,12.43999958,-0.019897195,0.018948882
1/12/2024,12.69999981,0.020684925,0.018619284
1/16/2024,13.84000015,0.085960983,0.045328951
1/17/2024,14.78999996,0.066388313,0.045528695
1/18/2024,14.13000011,-0.045651069,0.055663806
1/19/2024,13.30000019,-0.060536155,0.065344294
1/22/2024,13.18999958,-0.008305115,0.065817342
1/23/2024,12.55000019,-0.049738254,0.051923744
1/24/2024,13.14000034,0.045940358,0.04359907
1/25/2024,13.44999981,0.023318053,0.045758138
1/26/2024,13.26000023,-0.01422709,0.036734563
1/29/2024,13.60000038,0.025317819,0.038026763
1/30/2024,13.31000042,-0.021554157,0.028595724
1/31/2024,14.35000038,0.075234305,0.038600466
2/1/2024,13.88000011,-0.033301005,0.044382065
2/2/2024,13.85000038,-0.002163703,0.043302378
2/5/2024,13.67000008,-0.013081604,0.043024057
2/6/2024,13.06000042,-0.0456495,0.047320547
2/7/2024,12.82999992,-0.017767983,0.017154932
2/8/2024,12.78999996,-0.00312256,0.017659061
2/9/2024,12.93000031,0.010886604,0.020940832
2/12/2024,13.93000031,0.074494593,0.044738946
2/13/2024,15.85000038,0.129124715,0.061581702
2/14/2024,14.38000011,-0.097331164,0.085473212
2/15/2024,14.01000023,-0.026066984,0.087797883
2/16/2024,14.23999977,0.016283513,0.087718302
2/20/2024,15.42000008,0.079610483,0.088548954
2/21/2024,15.34000015,-0.005201567,0.064360214
2/22/2024,14.53999996,-0.053560336,0.050382904
2/23/2024,13.75,-0.055864645,0.056012107
2/26/2024,13.73999977,-0.000727554,0.054998776
2/27/2024,13.43000031,-0.022820237,0.026074353
2/28/2024,13.84000015,0.030071928,0.036391843
2/29/2024,13.39999962,-0.032308283,0.032622815
3/1/2024,13.10999966,-0.021879407,0.024968901
3/4/2024,13.48999977,0.028573382,0.030399912
3/5/2024,14.46000004,0.069437566,0.041751552
3/6/2024,14.5,0.00276243,0.041030882
3/7/2024,14.43999958,-0.004146545,0.035440484
3/8/2024,14.73999977,0.020562767,0.028891978
3/11/2024,15.22000027,0.032045499,0.029087333
3/12/2024,13.84000015,-0.095047409,0.050310239
3/13/2024,13.75,-0.006524137,0.04994842
3/14/2024,14.39999962,0.046189356,0.056254407
3/15/2024,14.40999985,0.000694219,0.05507924
3/18/2024,14.32999992,-0.005567163,0.051272239
3/19/2024,13.81999969,-0.03623844,0.029666069
3/20/2024,13.03999996,-0.058095243,0.039658062
3/21/2024,12.92000008,-0.009245049,0.024763253
3/22/2024,13.06000042,0.010777652,0.027320512
3/25/2024,13.18999958,0.009904779,0.030056845
3/26/2024,13.23999977,0.003783598,0.028816079
3/27/2024,12.77999973,-0.035361105,0.019257023
3/28/2024,13.01000023,0.017836882,0.021139432
4/1/2024,13.64999962,0.048021184,0.029985612
4/2/2024,14.60999966,0.067966709,0.040054602
4/3/2024,14.32999992,-0.019350966,0.043637042
4/4/2024,16.35000038,0.131872684,0.056725673
4/5/2024,16.03000069,-0.019765911,0.063965376
4/8/2024,15.18999958,-0.05382472,0.076463557
4/9/2024,14.97999954,-0.013921341,0.072665953
4/10/2024,15.80000019,0.053294005,0.073832518
4/11/2024,14.90999985,-0.057977834,0.044674552
4/12/2024,17.30999947,0.14925222,0.087161453
4/15/2024,19.22999954,0.105187197,0.084576145
4/16/2024,18.39999962,-0.044120892,0.090873235
4/17/2024,18.20999908,-0.0103798,0.093174319
4/18/2024,18,-0.011599086,0.084313611
4/19/2024,18.70999908,0.038686333,0.058181096
4/22/2024,16.94000053,-0.099380371,0.050859336
4/23/2024,15.68999958,-0.076654181,0.055709532
4/24/2024,15.97000027,0.017688439,0.059687929
4/25/2024,15.36999989,-0.038294429,0.05924186
4/26/2024,15.02999973,-0.022369364,0.045931978
4/29/2024,14.67000008,-0.024243589,0.033924374
4/30/2024,15.64999962,0.064666295,0.041975918
5/1/2024,15.39000034,-0.016752922,0.041058745
5/2/2024,14.68000031,-0.047231926,0.042893602
5/3/2024,13.48999977,-0.084537391,0.054978326
5/6/2024,13.48999977,0,0.055752694
5/7/2024,13.22999954,-0.01946171,0.033140317
5/8/2024,13,-0.017537586,0.033042327
5/9/2024,12.68999958,-0.024135109,0.032292974
5/10/2024,12.55000019,-0.011093568,0.009334342
5/13/2024,13.60000038,0.08034914,0.04425689
5/14/2024,13.42000008,-0.013323684,0.043606128
5/15/2024,12.44999981,-0.07502553,0.056111854
5/16/2024,12.42000008,-0.002412525,0.055449796
5/17/2024,11.98999977,-0.035235133,0.057212164
5/20/2024,12.14999962,0.013256188,0.034232002
5/21/2024,11.85999966,-0.024157774,0.033842815
5/22/2024,12.28999996,0.035614556,0.028467502
5/23/2024,12.77000046,0.038312785,0.033847605
5/24/2024,11.93000031,-0.068042444,0.045056441
5/28/2024,12.92000008,0.079720243,0.058201803
5/29/2024,14.27999973,0.100083434,0.064888369
5/30/2024,14.47000027,0.013217621,0.06578664
5/31/2024,12.92000008,-0.113301055,0.09217693
6/3/2024,13.10999966,0.014598767,0.083393276
6/4/2024,13.15999985,0.003806643,0.076138674
6/5/2024,12.63000011,-0.041106969,0.054575638
6/6/2024,12.57999992,-0.0039667,0.052086417
6/7/2024,12.22000027,-0.02903427,0.02321404
6/10/2024,12.73999977,0.041672657,0.032154655
6/11/2024,12.85000038,0.008597209,0.032578283
6/12/2024,12.03999996,-0.065109404,0.040158242
6/13/2024,11.93999958,-0.008340364,0.040053225
6/14/2024,12.65999985,0.058553332,0.048211916
6/17/2024,12.75,0.007083867,0.04433187
6/18/2024,12.30000019,-0.035931994,0.0466258
6/20/2024,13.27999973,0.076659846,0.046888985
6/21/2024,13.19999981,-0.006042309,0.046556667
6/24/2024,13.32999992,0.009800313,0.041287679
6/25/2024,12.84000015,-0.037451818,0.046618502
6/26/2024,12.55000019,-0.022844629,0.044308095
6/27/2024,12.23999977,-0.025011422,0.018388628
6/28/2024,12.43999958,0.016207795,0.023481554
7/1/2024,12.22000027,-0.017843078,0.020120467
7/2/2024,12.02999973,-0.015670468,0.016769525
7/3/2024,12.09000015,0.004975169,0.017306575
7/5/2024,12.47999954,0.031748649,0.021118406
7/8/2024,12.36999989,-0.008853149,0.020424727
7/9/2024,12.51000023,0.011254166,0.018529069
7/10/2024,12.85000038,0.026815498,0.016486426
7/11/2024,12.92000008,0.005432663,0.016430625
7/12/2024,12.46000004,-0.036252988,0.023808528
7/15/2024,13.11999989,0.051614258,0.032251229
7/16/2024,13.18999958,0.00532116,0.03238395
7/17/2024,14.47999954,0.09330942,0.049725105
7/18/2024,15.93000031,0.095435788,0.057116714
7/19/2024,16.52000046,0.036367653,0.038468636
7/22/2024,14.90999985,-0.102539677,0.08125354
7/23/2024,14.72000027,-0.012824987,0.082775564
7/24/2024,18.04000092,0.203384434,0.114902394
7/25/2024,18.45999908,0.023014614,0.111300157
7/26/2024,16.38999939,-0.118934824,0.129138274
7/29/2024,16.60000038,0.012731363,0.116255399
7/30/2024,17.69000053,0.06359682,0.115640722
7/31/2024,16.36000061,-0.07816017,0.075960058
8/1/2024,18.59000015,0.127784441,0.100970493
8/2/2024,23.38999939,0.229684745,0.116301373
8/5/2024,38.56999969,0.50016621,0.216361766
8/6/2024,27.70999908,-0.330681438,0.314016813
8/7/2024,27.85000038,0.005039654,0.304968176
8/8/2024,23.79000092,-0.157567617,0.325944042
8/9/2024,20.37000084,-0.155202091,0.318054532
8/12/2024,20.70999908,0.01655336,0.142498562
8/13/2024,18.12000084,-0.133600284,0.088000845
8/14/2024,16.19000053,-0.112622546,0.072239321
8/15/2024,15.22999954,-0.061126664,0.068644305
8/16/2024,14.80000019,-0.028639943,0.061146793
8/19/2024,14.64999962,-0.010186884,0.052975826
8/20/2024,15.88000011,0.080620154,0.071346801
8/21/2024,16.27000046,0.024262486,0.054184652
8/22/2024,17.54999924,0.075730957,0.049312211
8/23/2024,15.85999966,-0.101253712,0.074536168
8/26/2024,16.14999962,0.018119831,0.073320595
8/27/2024,15.43000031,-0.04560634,0.068591456
8/28/2024,17.11000061,0.103349437,0.084513369
8/29/2024,15.64999962,-0.089192231,0.084662695
8/30/2024,15,-0.042420692,0.074536115
9/3/2024,20.71999931,0.323049183,0.169158593
9/4/2024,21.31999969,0.028546201,0.161789085
9/5/2024,19.89999962,-0.068925872,0.169644914
9/6/2024,22.37999916,0.117447953,0.158058989
9/9/2024,19.45000076,-0.140320556,0.180216141
9/10/2024,19.07999992,-0.019206447,0.097542992
9/11/2024,17.69000053,-0.075641124,0.096640796
9/12/2024,17.06999969,-0.035677019,0.095054007
9/13/2024,16.55999947,-0.030332402,0.049577331
9/16/2024,17.13999939,0.034424761,0.039596129
9/17/2024,17.61000061,0.02705208,0.046221744
9/18/2024,18.22999954,0.034601606,0.035798832
9/19/2024,16.32999992,-0.110064661,0.06276067
9/20/2024,16.14999962,-0.011083876,0.061695888
9/23/2024,15.89000034,-0.016230024,0.057625364
9/24/2024,15.39000034,-0.031972032,0.05265102
9/25/2024,15.40999985,0.001298669,0.044373706
9/26/2024,15.36999989,-0.002599089,0.013065005
9/27/2024,16.95999908,0.098440026,0.05124824
9/30/2024,16.72999954,-0.013654089,0.050933284
10/1/2024,19.26000023,0.140826931,0.07009694
10/2/2024,18.89999962,-0.018868516,0.073717053
10/3/2024,20.48999977,0.080775049,0.070810037
10/4/2024,19.20999908,-0.064506022,0.083601153
10/7/2024,22.63999939,0.164287297,0.099449941
10/8/2024,21.42000008,-0.055393158,0.098540174
10/9/2024,20.86000061,-0.02649159,0.099371703
10/10/2024,20.93000031,0.003350072,0.093330714
10/11/2024,20.45999908,-0.022711835,0.087310859
10/14/2024,19.70000076,-0.037853041,0.021566017
10/15/2024,20.63999939,0.046612237,0.033760972
10/16/2024,19.57999992,-0.052722278,0.039083997
10/17/2024,19.11000061,-0.024296843,0.03819746
10/18/2024,18.03000069,-0.058174715,0.042316316
10/21/2024,18.37000084,0.01868187,0.04554885
10/22/2024,18.20000076,-0.009297309,0.031718016
10/23/2024,19.23999977,0.055569797,0.043118204
10/24/2024,19.07999992,-0.008350771,0.0417642
10/25/2024,20.32999992,0.063456962,0.034413184
10/28/2024,19.79999924,-0.026415725,0.041366851
10/29/2024,19.34000015,-0.023506401,0.043865302
10/30/2024,20.35000038,0.050905433,0.042746402
10/31/2024,23.15999985,0.129345715,0.065360927
11/1/2024,21.87999916,-0.056853707,0.075373467
11/4/2024,21.97999954,0.004559989,0.072362563
11/5/2024,20.48999977,-0.070195977,0.081906979
11/6/2024,16.27000046,-0.230614002,0.130460931
11/7/2024,15.19999981,-0.068027534,0.087351121
11/8/2024,14.93999958,-0.017253264,0.092118617
11/11/2024,14.97000027,0.002006065,0.091563536
11/12/2024,14.71000004,-0.017520679,0.095463078
11/13/2024,14.02000046,-0.048042623,0.027901436
11/14/2024,14.31000042,0.020473709,0.025533479
11/15/2024,16.13999939,0.120342002,0.063887964
11/18/2024,15.57999992,-0.035312589,0.067905042
11/19/2024,16.35000038,0.048239885,0.068097385
11/20/2024,17.15999985,0.048353164,0.056224754
11/21/2024,16.87000084,-0.017044139,0.061781043
11/22/2024,15.23999977,-0.101613411,0.062987014
11/25/2024,14.60000038,-0.04290198,0.063791367
11/26/2024,14.10000038,-0.03484673,0.05390906
11/27/2024,14.10000038,0,0.038586198
11/29/2024,13.51000023,-0.042744656,0.036541009
12/2/2024,13.34000015,-0.012663117,0.019340404
12/3/2024,13.30000019,-0.003003002,0.019179288
12/4/2024,13.44999981,0.011215042,0.020474178
12/5/2024,13.53999996,0.006669173,0.021437425
12/6/2024,12.77000046,-0.058549559,0.027986745
12/9/2024,14.18999958,0.105438756,0.059079477
12/10/2024,14.18000031,-0.000704919,0.058938908
12/11/2024,13.57999992,-0.043234426,0.064111363
12/12/2024,13.92000008,0.024728544,0.064948781
12/13/2024,13.81000042,-0.007933663,0.05575726
12/16/2024,14.68999958,0.061773964,0.039116296
12/17/2024,15.86999989,0.077263566,0.04948151
12/18/2024,27.62000084,0.554109651,0.232752059
12/19/2024,24.09000015,-0.136743355,0.262402825
12/20/2024,18.36000061,-0.271622405,0.31348069
12/23/2024,16.78000069,-0.089986676,0.320173131
12/24/2024,14.27000046,-0.162028278,0.328484032
12/26/2024,14.72999954,0.031726736,0.110446437
12/27/2024,15.94999981,0.079572618,0.142708932
12/30/2024,17.39999962,0.087011367,0.110321464
12/31/2024,17.35000038,-0.002877656,0.101177608
1/2/2025,17.93000031,0.032882776,0.037327264
1/3/2025,16.12999916,-0.105794465,0.078319973
1/6/2025,16.04000092,-0.005595181,0.070494642
1/7/2025,17.81999969,0.105235745,0.076279287
1/8/2025,17.70000076,-0.006756722,0.076396155
1/10/2025,19.54000092,0.098899011,0.087530286
1/13/2025,19.19000053,-0.018074356,0.061693374
1/14/2025,18.70999908,-0.025331246,0.06543715
1/15/2025,16.12000084,-0.148997302,0.088012471
1/16/2025,16.60000038,0.029341929,0.090811841
1/17/2025,15.97000027,-0.038690739,0.065927463
1/21/2025,15.06000042,-0.058669729,0.064991355
1/22/2025,15.10000038,0.002652519,0.06858747
1/23/2025,15.02000046,-0.005312092,0.034771519
1/24/2025,14.85000038,-0.011382786,0.025601828
1/27/2025,17.89999962,0.186800801,0.094734169
1/28/2025,16.40999985,-0.086909796,0.101413357
1/29/2025,16.55999947,0.009099221,0.10122345
1/30/2025,15.84000015,-0.044451721,0.104965548
1/31/2025,16.43000031,0.036570555,0.104641531
2/3/2025,18.62000084,0.125127366,0.081079118
2/4/2025,17.20999908,-0.07874576,0.078741291
2/5/2025,15.77000046,-0.087381127,0.089900932
2/6/2025,15.5,-0.017269406,0.088083324
2/7/2025,16.54000092,0.064941721,0.092195401
2/10/2025,15.81000042,-0.045139067,0.061312672
2/11/2025,16.02000046,0.013195292,0.057740699
2/12/2025,15.89000034,-0.008147968,0.041177078
2/13/2025,15.10000038,-0.050995233,0.047326701
2/14/2025,14.77000046,-0.022096642,0.026479755
2/18/2025,15.35000038,0.038517371,0.034053258
2/19/2025,15.27000046,-0.00522535,0.032427836
2/20/2025,15.65999985,0.025219532,0.036031844
2/21/2025,18.20999908,0.150861163,0.067786067
2/24/2025,18.97999954,0.041414926,0.059250138
2/25/2025,19.43000031,0.02343251,0.060364596
2/26/2025,19.10000038,-0.017129924,0.063118343
2/27/2025,21.12999916,0.101005437,0.066273625
2/28/2025,19.62999916,-0.073634826,0.065295968
3/3/2025,22.78000069,0.148824023,0.089378752
3/4/2025,23.51000023,0.031542884,0.08915564
3/5/2025,21.93000031,-0.069570296,0.099736802
3/6/2025,24.87000084,0.125806715,0.104786975
3/7/2025,23.37000084,-0.062209107,0.101978188
3/10/2025,27.86000061,0.175738806,0.109899212
3/11/2025,26.92000008,-0.034322483,0.115033141
3/12/2025,24.22999954,-0.105277992,0.123342478
3/13/2025,24.65999985,0.017590976,0.108755058
3/14/2025,21.77000046,-0.124649595,0.120402079
3/17/2025,20.51000023,-0.059620313,0.056792647
3/18/2025,21.70000076,0.056399712,0.078059187
3/19/2025,19.89999962,-0.086592583,0.074714536
3/20/2025,19.79999924,-0.005037813,0.070993985
3/21/2025,19.28000069,-0.026613574,0.054810396
3/24/2025,17.47999954,-0.098010981,0.063064011
3/25/2025,17.14999962,-0.019059193,0.042210168
3/26/2025,18.32999992,0.066540906,0.05869418
3/27/2025,18.69000053,0.019449592,0.06086453
3/28/2025,21.64999962,0.147016787,0.091789211
3/31/2025,22.28000069,0.028684009,0.062912384
4/1/2025,21.77000046,-0.02315655,0.064029579
4/2/2025,21.51000023,-0.012014942,0.067780768
4/3/2025,30.02000046,0.333345888,0.149436637
4/4/2025,45.31000137,0.411663948,0.207970545
4/7/2025,46.97999954,0.03619418,0.206920507
4/8/2025,52.33000183,0.107847886,0.186971565
4/9/2025,33.61999893,-0.442448759,0.335185733
4/10/2025,40.72000122,0.191598306,0.314758568
4/11/2025,37.56000137,-0.080779711,0.24743661
4/14/2025,30.88999939,-0.195507204,0.251838081
4/15/2025,30.12000084,-0.025243056,0.232825916
4/16/2025,32.63999939,0.080349081,0.148640926
4/17/2025,29.64999962,-0.096076399,0.101170465
4/21/2025,33.81999969,0.131590222,0.131968408
4/22/2025,30.56999969,-0.101033209,0.104673145
4/23/2025,28.45000076,-0.071870939,0.109230303
4/24/2025,26.46999931,-0.072136197,0.097907048
4/25/2025,24.84000015,-0.063556727,0.094427129
4/28/2025,25.14999962,0.012402618,0.04249654
4/29/2025,24.17000008,-0.039745684,0.035727481
4/30/2025,24.70000076,0.021691077,0.043160916
5/1/2025,24.60000038,-0.004056816,0.036008314
5/2/2025,22.68000031,-0.081262966,0.042334979
5/5/2025,23.63999939,0.041456674,0.049046521
5/6/2025,24.76000023,0.04628929,0.052047229
5/7/2025,23.54999924,-0.050103669,0.055984888
5/8/2025,22.47999954,-0.046499783,0.058123343
5/9/2025,21.89999962,-0.026139385,0.047361041
5/12/2025,18.38999939,-0.174679614,0.0796837
5/13/2025,18.21999931,-0.009287151,0.065461702
5/14/2025,18.62000084,0.021716463,0.075633505
5/15/2025,17.82999992,-0.043353889,0.075651559
5/16/2025,17.23999977,-0.033650176,0.075223313
5/19/2025,18.13999939,0.050887159,0.039120912
5/20/2025,18.09000015,-0.002760103,0.038956274
5/21/2025,20.87000084,0.142953453,0.076553932
5/22/2025,20.28000069,-0.028677549,0.07360722
5/23/2025,22.29000092,0.094502976,0.069974805
5/27/2025,18.95999908,-0.16180674,0.118307864
5/28/2025,19.30999947,0.01829162,0.118166236
5/29/2025,19.18000031,-0.006754983,0.093392542
5/30/2025,18.56999969,-0.032320726,0.093521631
6/2/2025,18.36000061,-0.01137294,0.071083083
6/3/2025,17.69000053,-0.03717488,0.022219222
6/4/2025,17.61000061,-0.004532581,0.01519514
6/5/2025,18.47999954,0.048222084,0.034005155
6/6/2025,16.77000046,-0.097097438,0.052929544
6/9/2025,17.15999985,0.022989482,0.056503412
6/10/2025,16.95000076,-0.012313206,0.054974445
6/11/2025,17.26000023,0.01812382,0.056305601
6/12/2025,18.02000046,0.043090579,0.055150337
6/13/2025,20.81999969,0.144431771,0.059930916
6/16/2025,19.11000061,-0.085702258,0.084002122
6/17/2025,21.60000038,0.122481542,0.091703861
6/18/2025,20.13999939,-0.069985475,0.10630053
6/20/2025,20.62000084,0.023553662,0.10609759
6/23/2025,19.82999992,-0.039065581,0.084927581
6/24/2025,17.47999954,-0.126138595,0.095265198
6/25/2025,16.76000023,-0.042062235,0.054282779
6/26/2025,16.59000015,-0.010194995,0.055553953
6/27/2025,16.31999969,-0.016408783,0.046476955
6/30/2025,16.72999954,0.024812157,0.056766009
7/1/2025,16.82999992,0.005959516,0.025031882
7/2/2025,16.63999939,-0.011353605,0.016903568
7/3/2025,16.37999916,-0.015748372,0.017782476
7/7/2025,17.79000092,0.082575526,0.039872122
7/8/2025,16.80999947,-0.056662637,0.051081435
7/9/2025,15.93999958,-0.053142269,0.056213897
7/10/2025,15.77999973,-0.010088349,0.056214003
7/11/2025,16.39999962,0.038538013,0.060083542
7/14/2025,17.20000076,0.047628117,0.04914937
7/15/2025,17.37999916,0.010410643,0.040513824
7/16/2025,17.15999985,-0.012738986,0.027560198
7/17/2025,16.52000046,-0.038009289,0.035527929
7/18/2025,16.40999985,-0.0066809,0.031734709
7/21/2025,16.64999962,0.014519298,0.020973637
7/22/2025,16.5,-0.009049813,0.018737459
7/23/2025,15.36999989,-0.070942831,0.033119986
7/24/2025,15.39000034,0.00130042,0.03304492
7/25/2025,14.93000031,-0.030345338,0.033396798
7/28/2025,15.02999973,0.006675554,0.031568504
7/29/2025,15.97999954,0.061289726,0.048865432
7/30/2025,15.47999954,-0.031789073,0.037828224
7/31/2025,16.71999931,0.077056728,0.050734719
8/1/2025,20.37999916,0.19794842,0.087415799
8/4/2025,17.52000046,-0.151210875,0.130434997
8/5/2025,17.85000038,0.018660418,0.12932075
8/6/2025,16.77000046,-0.062411926,0.133180456
8/7/2025,16.56999969,-0.01199779,0.128859876
8/8/2025,15.14999962,-0.089593306,0.066502449
8/11/2025,16.25,0.070092402,0.063629383
8/12/2025,14.72999954,-0.098206709,0.069357489
8/13/2025,14.48999977,-0.016427459,0.068423879
8/14/2025,14.82999992,0.02319341,0.072337142
8/15/2025,15.09000015,0.017380132,0.062578387
8/18/2025,14.98999977,-0.006648986,0.048723257
8/19/2025,15.56999969,0.037962669,0.022249049
8/20/2025,15.68999958,0.007677574,0.016719825
8/21/2025,16.60000038,0.056379178,0.024912151
8/22/2025,14.22000027,-0.154753275,0.083615552
8/25/2025,14.78999996,0.039301831,0.086798398
8/26/2025,14.61999989,-0.011560828,0.083773117
8/27/2025,14.85000038,0.015609444,0.084326166
8/28/2025,14.43000031,-0.028690497,0.075446064
8/29/2025,15.35999966,0.062457311,0.036934359
9/2/2025,17.17000008,0.111396974,0.057135333
9/3/2025,16.35000038,-0.048935759,0.065708038
9/4/2025,15.30000019,-0.06637508,0.077064042
9/5/2025,15.18000031,-0.007874049,0.075264674
9/8/2025,15.10999966,-0.004622039,0.069352635
9/9/2025,15.03999996,-0.004643438,0.029140459
9/10/2025,15.35000038,0.020402183,0.032133278
9/11/2025,14.71000004,-0.042587962,0.022503406
9/12/2025,14.76000023,0.003393297,0.023059559
9/15/2025,15.68999958,0.061102705,0.037791675
9/16/2025,16.36000061,0.041815828,0.039711974
9/17/2025,15.72000027,-0.039905564,0.046867752
9/18/2025,15.69999981,-0.001273104,0.039494391
9/19/2025,15.44999981,-0.016051709,0.041582312
9/22/2025,16.10000038,0.041210305,0.035935709
9/23/2025,16.63999939,0.032990103,0.0338407
9/24/2025,16.18000031,-0.028033468,0.030271339
9/25/2025,16.73999977,0.034025121,0.032268718
9/26/2025,15.28999996,-0.090602034,0.056827096
9/29/2025,16.12000084,0.052861772,0.059234108
9/30/2025,16.28000069,0.009876614,0.056895849
10/1/2025,16.29000092,0.000614076,0.055338836
10/2/2025,16.62999916,0.020656764,0.05366337
10/3/2025,16.64999962,0.001201951,0.021611624
10/6/2025,16.37000084,-0.016959751,0.013841387
10/7/2025,17.23999977,0.051781809,0.02617715
10/8/2025,16.29999924,-0.056067191,0.040436957
10/9/2025,16.43000031,0.00794389,0.039203923
10/10/2025,21.65999985,0.276358284,0.131062699
10/13/2025,19.03000069,-0.129450517,0.153692296
10/14/2025,20.80999947,0.089416897,0.155924183
10/15/2025,20.63999939,-0.008202704,0.150093047
10/16/2025,25.30999947,0.203968642,0.162370527
10/17/2025,20.78000069,-0.197208535,0.161995725
10/20/2025,18.22999954,-0.130922455,0.16227204
10/21/2025,17.87000084,-0.019945187,0.152856563
10/22/2025,18.60000038,0.040038225,0.156100839
10/23/2025,17.29999924,-0.072455144,0.092638429
10/24/2025,16.37000084,-0.055256015,0.063372338
10/27/2025,15.78999996,-0.036073617,0.04323103
10/28/2025,16.42000008,0.039123283,0.053164255
10/29/2025,16.92000008,0.02999625,0.050602336
10/30/2025,16.90999985,-0.000591205,0.040869637
10/31/2025,17.44000053,0.030861295,0.031155649
11/3/2025,17.17000008,-0.01560277,0.023572094
11/4/2025,19,0.1012753,0.044980679
11/5/2025,18.01000023,-0.053511807,0.058174079
11/6/2025,19.5,0.079487294,0.06436714
11/7/2025,19.07999992,-0.021773804,0.068081752
11/10/2025,17.60000038,-0.080741738,0.081100848
11/11/2025,17.28000069,-0.018349121,0.060644392
11/12/2025,17.51000023,0.013222356,0.058447705
11/13/2025,20,0.132960114,0.079143922
11/14/2025,19.82999992,-0.008536335,0.078237952
11/17/2025,22.37999916,0.120971727,0.073060124
11/18/2025,24.69000053,0.09823066,0.064694164
11/19/2025,23.65999985,-0.042612473,0.080200774
11/20/2025,26.42000008,0.11033545,0.075574358
11/21/2025,23.43000031,-0.120104036,0.108549832
11/24/2025,20.52000046,-0.132617223,0.116346014
11/25/2025,18.55999947,-0.100391344,0.099738428
11/26/2025,17.19000053,-0.076680848,0.099666833
11/28/2025,16.35000038,-0.05009993,0.033245877
12/1/2025,17.23999977,0.053004331,0.070784454
12/2/2025,16.59000015,-0.038432139,0.058555785
12/3/2025,16.07999992,-0.031223854,0.04882827
12/4/2025,15.77999973,-0.018832961,0.040807958
12/5/2025,15.40999985,-0.023726659,0.037006273
12/8/2025,16.65999985,0.077993988,0.048006331
12/9/2025,16.93000031,0.016076587,0.045143575
12/10/2025,15.77000046,-0.070977784,0.055274786
12/11/2025,14.85000038,-0.060109539,0.060863625
12/12/2025,15.73999977,0.058205338,0.067621356
12/15/2025,16.5,0.047155152,0.060212755
12/16/2025,16.47999954,-0.001212884,0.059411265
12/17/2025,17.62000084,0.066887171,0.053007333
12/18/2025,16.87000084,-0.043497722,0.046705851
12/19/2025,14.90999985,-0.123504828,0.076252086
12/22/2025,14.07999992,-0.057276773,0.070481161
12/23/2025,14,-0.005698016,0.07002286
12/24/2025,13.47000027,-0.038592319,0.043364805
12/26/2025,13.60000038,0.009604811,0.052112718
12/29/2025,14.19999981,0.04317213,0.039630961
12/30/2025,14.32999992,0.009113285,0.029576259
12/31/2025,14.94999981,0.042356051,0.033393304
